,Subject,0
0,1,5
1,1,5
2,1,5
3,1,5
4,1,5
5,1,5
6,1,5
7,1,5
8,1,5
9,1,5
10,1,5
11,1,5
12,1,5
13,1,5
14,1,5
15,1,5
16,1,5
17,1,5
18,1,5
19,1,5
20,1,5
21,1,5
22,1,5
23,1,5
24,1,5
25,1,5
26,1,5
27,1,4
28,1,4
29,1,4
30,1,4
31,1,4
32,1,4
33,1,4
34,1,4
35,1,4
36,1,4
37,1,4
38,1,4
39,1,4
40,1,4
41,1,4
42,1,4
43,1,4
44,1,4
45,1,4
46,1,4
47,1,4
48,1,4
49,1,4
50,1,4
51,1,6
52,1,6
53,1,6
54,1,6
55,1,6
56,1,6
57,1,6
58,1,6
59,1,6
60,1,6
61,1,6
62,1,6
63,1,6
64,1,6
65,1,6
66,1,6
67,1,6
68,1,6
69,1,6
70,1,6
71,1,6
72,1,6
73,1,6
74,1,6
75,1,6
76,1,6
77,1,6
78,1,1
79,1,1
80,1,1
81,1,1
82,1,1
83,1,1
84,1,1
85,1,1
86,1,1
87,1,1
88,1,1
89,1,1
90,1,1
91,1,1
92,1,1
93,1,1
94,1,1
95,1,1
96,1,1
97,1,1
98,1,1
99,1,1
100,1,1
101,1,1
102,1,1
103,1,1
104,1,1
105,1,1
106,1,1
107,1,1
108,1,1
109,1,1
110,1,1
111,1,1
112,1,1
113,1,1
114,1,1
115,1,1
116,1,1
117,1,1
118,1,1
119,1,1
120,1,1
121,1,1
122,1,1
123,1,1
124,1,1
125,1,3
126,1,3
127,1,3
128,1,3
129,1,3
130,1,3
131,1,3
132,1,3
133,1,3
134,1,3
135,1,3
136,1,3
137,1,3
138,1,3
139,1,3
140,1,3
141,1,3
142,1,3
143,1,3
144,1,3
145,1,3
146,1,3
147,1,3
148,1,3
149,1,3
150,1,2
151,1,2
152,1,2
153,1,2
154,1,2
155,1,2
156,1,2
157,1,2
158,1,2
159,1,2
160,1,2
161,1,2
162,1,2
163,1,2
164,1,2
165,1,2
166,1,2
167,1,2
168,1,2
169,1,2
170,1,2
171,1,2
172,1,2
173,1,2
174,1,2
175,1,2
176,1,5
177,1,5
178,1,5
179,1,5
180,1,5
181,1,5
182,1,5
183,1,5
184,1,5
185,1,5
186,1,5
187,1,5
188,1,5
189,1,5
190,1,5
191,1,5
192,1,5
193,1,5
194,1,5
195,1,5
196,1,5
197,1,5
198,1,5
199,1,5
200,1,5
201,1,5
202,1,4
203,1,4
204,1,4
205,1,4
206,1,4
207,1,4
208,1,4
209,1,4
210,1,4
211,1,4
212,1,4
213,1,6
214,1,6
215,1,6
216,1,6
217,1,6
218,1,6
219,1,6
220,1,6
221,1,6
222,1,6
223,1,6
224,1,6
225,1,4
226,1,4
227,1,4
228,1,4
229,1,4
230,1,4
231,1,4
232,1,4
233,1,4
234,1,4
235,1,4
236,1,4
237,1,6
238,1,6
239,1,6
240,1,6
241,1,6
242,1,6
243,1,6
244,1,6
245,1,6
246,1,6
247,1,6
248,1,1
249,1,1
250,1,1
251,1,1
252,1,1
253,1,1
254,1,1
255,1,1
256,1,1
257,1,1
258,1,1
259,1,1
260,1,1
261,1,1
262,1,1
263,1,1
264,1,1
265,1,1
266,1,1
267,1,1
268,1,1
269,1,1
270,1,1
271,1,1
272,1,1
273,1,1
274,1,1
275,1,1
276,1,1
277,1,1
278,1,1
279,1,1
280,1,1
281,1,1
282,1,1
283,1,1
284,1,1
285,1,1
286,1,1
287,1,1
288,1,1
289,1,1
290,1,1
291,1,1
292,1,1
293,1,1
294,1,1
295,1,1
296,1,3
297,1,3
298,1,3
299,1,3
300,1,3
301,1,3
302,1,3
303,1,2
304,1,2
305,1,2
306,1,2
307,1,2
308,1,2
309,1,2
310,1,2
311,1,2
312,1,2
313,1,2
314,1,2
315,1,2
316,1,2
317,1,2
318,1,2
319,1,2
320,1,2
321,1,2
322,1,2
323,1,2
324,1,2
325,1,2
326,1,2
327,1,2
328,1,2
329,1,2
330,1,3
331,1,3
332,1,3
333,1,3
334,1,3
335,1,3
336,1,3
337,1,3
338,1,3
339,1,3
340,1,3
341,1,3
342,1,3
343,1,3
344,1,3
345,1,3
346,1,3
347,3,5
348,3,5
349,3,5
350,3,5
351,3,5
352,3,5
353,3,5
354,3,5
355,3,5
356,3,5
357,3,5
358,3,5
359,3,5
360,3,5
361,3,5
362,3,5
363,3,5
364,3,5
365,3,5
366,3,5
367,3,5
368,3,5
369,3,5
370,3,5
371,3,5
372,3,5
373,3,5
374,3,5
375,3,5
376,3,5
377,3,5
378,3,4
379,3,4
380,3,4
381,3,4
382,3,4
383,3,4
384,3,4
385,3,4
386,3,4
387,3,4
388,3,4
389,3,4
390,3,4
391,3,4
392,3,4
393,3,4
394,3,4
395,3,4
396,3,4
397,3,4
398,3,4
399,3,4
400,3,4
401,3,4
402,3,4
403,3,4
404,3,6
405,3,6
406,3,6
407,3,6
408,3,6
409,3,6
410,3,6
411,3,6
412,3,6
413,3,6
414,3,6
415,3,6
416,3,6
417,3,6
418,3,6
419,3,6
420,3,6
421,3,6
422,3,6
423,3,6
424,3,6
425,3,6
426,3,6
427,3,6
428,3,6
429,3,6
430,3,6
431,3,6
432,3,6
433,3,6
434,3,1
435,3,1
436,3,1
437,3,1
438,3,1
439,3,1
440,3,1
441,3,1
442,3,1
443,3,1
444,3,1
445,3,1
446,3,1
447,3,1
448,3,1
449,3,1
450,3,1
451,3,1
452,3,1
453,3,1
454,3,1
455,3,1
456,3,1
457,3,1
458,3,1
459,3,1
460,3,1
461,3,1
462,3,1
463,3,1
464,3,1
465,3,3
466,3,3
467,3,3
468,3,3
469,3,3
470,3,3
471,3,3
472,3,3
473,3,3
474,3,3
475,3,3
476,3,3
477,3,3
478,3,3
479,3,3
480,3,3
481,3,3
482,3,3
483,3,3
484,3,3
485,3,3
486,3,3
487,3,3
488,3,2
489,3,2
490,3,2
491,3,2
492,3,2
493,3,2
494,3,2
495,3,2
496,3,2
497,3,2
498,3,2
499,3,2
500,3,2
501,3,2
502,3,2
503,3,2
504,3,2
505,3,2
506,3,2
507,3,2
508,3,2
509,3,2
510,3,2
511,3,2
512,3,2
513,3,2
514,3,2
515,3,2
516,3,2
517,3,2
518,3,2
519,3,2
520,3,2
521,3,2
522,3,5
523,3,5
524,3,5
525,3,5
526,3,5
527,3,5
528,3,5
529,3,5
530,3,5
531,3,5
532,3,5
533,3,5
534,3,5
535,3,5
536,3,5
537,3,5
538,3,5
539,3,5
540,3,5
541,3,5
542,3,5
543,3,5
544,3,5
545,3,5
546,3,5
547,3,5
548,3,5
549,3,5
550,3,5
551,3,5
552,3,4
553,3,4
554,3,4
555,3,4
556,3,4
557,3,4
558,3,4
559,3,4
560,3,4
561,3,4
562,3,4
563,3,4
564,3,4
565,3,4
566,3,4
567,3,4
568,3,4
569,3,4
570,3,4
571,3,4
572,3,4
573,3,4
574,3,4
575,3,4
576,3,4
577,3,4
578,3,6
579,3,6
580,3,6
581,3,6
582,3,6
583,3,6
584,3,6
585,3,6
586,3,6
587,3,6
588,3,6
589,3,6
590,3,6
591,3,6
592,3,6
593,3,6
594,3,6
595,3,6
596,3,6
597,3,6
598,3,6
599,3,6
600,3,6
601,3,6
602,3,6
603,3,6
604,3,6
605,3,6
606,3,6
607,3,6
608,3,6
609,3,6
610,3,1
611,3,1
612,3,1
613,3,1
614,3,1
615,3,1
616,3,1
617,3,1
618,3,1
619,3,1
620,3,1
621,3,1
622,3,1
623,3,1
624,3,1
625,3,1
626,3,1
627,3,1
628,3,1
629,3,1
630,3,1
631,3,1
632,3,1
633,3,1
634,3,1
635,3,1
636,3,1
637,3,3
638,3,3
639,3,3
640,3,3
641,3,3
642,3,3
643,3,3
644,3,3
645,3,3
646,3,3
647,3,3
648,3,3
649,3,3
650,3,3
651,3,3
652,3,3
653,3,3
654,3,3
655,3,3
656,3,3
657,3,3
658,3,3
659,3,3
660,3,3
661,3,3
662,3,3
663,3,2
664,3,2
665,3,2
666,3,2
667,3,2
668,3,2
669,3,2
670,3,2
671,3,2
672,3,2
673,3,2
674,3,2
675,3,2
676,3,2
677,3,2
678,3,2
679,3,2
680,3,2
681,3,2
682,3,2
683,3,2
684,3,2
685,3,2
686,3,2
687,3,2
688,5,5
689,5,5
690,5,5
691,5,5
692,5,5
693,5,5
694,5,5
695,5,5
696,5,5
697,5,5
698,5,5
699,5,5
700,5,5
701,5,5
702,5,5
703,5,5
704,5,5
705,5,5
706,5,5
707,5,5
708,5,5
709,5,5
710,5,5
711,5,5
712,5,5
713,5,5
714,5,5
715,5,5
716,5,4
717,5,4
718,5,4
719,5,4
720,5,4
721,5,4
722,5,4
723,5,4
724,5,4
725,5,4
726,5,4
727,5,4
728,5,4
729,5,4
730,5,4
731,5,4
732,5,4
733,5,4
734,5,4
735,5,4
736,5,4
737,5,4
738,5,4
739,5,6
740,5,6
741,5,6
742,5,6
743,5,6
744,5,6
745,5,6
746,5,6
747,5,6
748,5,6
749,5,6
750,5,6
751,5,6
752,5,6
753,5,6
754,5,6
755,5,6
756,5,6
757,5,6
758,5,6
759,5,6
760,5,6
761,5,6
762,5,6
763,5,6
764,5,6
765,5,6
766,5,6
767,5,1
768,5,1
769,5,1
770,5,1
771,5,1
772,5,1
773,5,1
774,5,1
775,5,1
776,5,1
777,5,1
778,5,1
779,5,1
780,5,1
781,5,1
782,5,1
783,5,1
784,5,1
785,5,1
786,5,1
787,5,1
788,5,1
789,5,1
790,5,1
791,5,1
792,5,1
793,5,1
794,5,1
795,5,1
796,5,1
797,5,3
798,5,3
799,5,3
800,5,3
801,5,3
802,5,3
803,5,3
804,5,3
805,5,3
806,5,3
807,5,3
808,5,3
809,5,3
810,5,3
811,5,3
812,5,3
813,5,3
814,5,3
815,5,3
816,5,3
817,5,3
818,5,3
819,5,3
820,5,3
821,5,3
822,5,2
823,5,2
824,5,2
825,5,2
826,5,2
827,5,2
828,5,2
829,5,2
830,5,2
831,5,2
832,5,2
833,5,2
834,5,2
835,5,2
836,5,2
837,5,2
838,5,2
839,5,2
840,5,2
841,5,2
842,5,2
843,5,2
844,5,2
845,5,2
846,5,2
847,5,5
848,5,5
849,5,5
850,5,5
851,5,5
852,5,5
853,5,5
854,5,5
855,5,5
856,5,5
857,5,5
858,5,5
859,5,5
860,5,5
861,5,5
862,5,5
863,5,5
864,5,5
865,5,5
866,5,5
867,5,5
868,5,5
869,5,5
870,5,5
871,5,5
872,5,5
873,5,5
874,5,5
875,5,4
876,5,4
877,5,4
878,5,4
879,5,4
880,5,4
881,5,4
882,5,4
883,5,4
884,5,4
885,5,4
886,5,4
887,5,4
888,5,4
889,5,4
890,5,4
891,5,4
892,5,4
893,5,4
894,5,4
895,5,4
896,5,6
897,5,6
898,5,6
899,5,6
900,5,6
901,5,6
902,5,6
903,5,6
904,5,6
905,5,6
906,5,6
907,5,6
908,5,6
909,5,6
910,5,6
911,5,6
912,5,6
913,5,6
914,5,6
915,5,6
916,5,6
917,5,6
918,5,6
919,5,6
920,5,1
921,5,1
922,5,1
923,5,1
924,5,1
925,5,1
926,5,1
927,5,1
928,5,1
929,5,1
930,5,1
931,5,1
932,5,1
933,5,1
934,5,1
935,5,1
936,5,1
937,5,1
938,5,1
939,5,1
940,5,1
941,5,1
942,5,1
943,5,1
944,5,1
945,5,1
946,5,3
947,5,3
948,5,3
949,5,3
950,5,3
951,5,3
952,5,3
953,5,3
954,5,3
955,5,3
956,5,3
957,5,3
958,5,3
959,5,3
960,5,3
961,5,3
962,5,3
963,5,3
964,5,3
965,5,3
966,5,3
967,5,3
968,5,2
969,5,2
970,5,2
971,5,2
972,5,2
973,5,2
974,5,2
975,5,2
976,5,2
977,5,2
978,5,2
979,5,2
980,5,2
981,5,2
982,5,2
983,5,2
984,5,2
985,5,2
986,5,2
987,5,2
988,5,2
989,5,2
990,6,5
991,6,5
992,6,5
993,6,5
994,6,5
995,6,5
996,6,5
997,6,5
998,6,5
999,6,5
1000,6,5
1001,6,5
1002,6,5
1003,6,5
1004,6,5
1005,6,5
1006,6,5
1007,6,5
1008,6,5
1009,6,5
1010,6,5
1011,6,5
1012,6,5
1013,6,5
1014,6,5
1015,6,5
1016,6,5
1017,6,5
1018,6,5
1019,6,5
1020,6,4
1021,6,4
1022,6,4
1023,6,4
1024,6,4
1025,6,4
1026,6,4
1027,6,4
1028,6,4
1029,6,4
1030,6,4
1031,6,4
1032,6,4
1033,6,4
1034,6,4
1035,6,4
1036,6,4
1037,6,4
1038,6,4
1039,6,4
1040,6,4
1041,6,4
1042,6,4
1043,6,4
1044,6,4
1045,6,4
1046,6,4
1047,6,4
1048,6,4
1049,6,6
1050,6,6
1051,6,6
1052,6,6
1053,6,6
1054,6,6
1055,6,6
1056,6,6
1057,6,6
1058,6,6
1059,6,6
1060,6,6
1061,6,6
1062,6,6
1063,6,6
1064,6,6
1065,6,6
1066,6,6
1067,6,6
1068,6,6
1069,6,6
1070,6,6
1071,6,6
1072,6,6
1073,6,6
1074,6,6
1075,6,6
1076,6,6
1077,6,1
1078,6,1
1079,6,1
1080,6,1
1081,6,1
1082,6,1
1083,6,1
1084,6,1
1085,6,1
1086,6,1
1087,6,1
1088,6,1
1089,6,1
1090,6,1
1091,6,1
1092,6,1
1093,6,1
1094,6,1
1095,6,1
1096,6,1
1097,6,1
1098,6,1
1099,6,1
1100,6,1
1101,6,1
1102,6,1
1103,6,1
1104,6,1
1105,6,1
1106,6,3
1107,6,3
1108,6,3
1109,6,3
1110,6,3
1111,6,3
1112,6,3
1113,6,3
1114,6,3
1115,6,3
1116,6,3
1117,6,3
1118,6,3
1119,6,3
1120,6,3
1121,6,3
1122,6,3
1123,6,3
1124,6,3
1125,6,3
1126,6,3
1127,6,3
1128,6,3
1129,6,3
1130,6,2
1131,6,2
1132,6,2
1133,6,2
1134,6,2
1135,6,2
1136,6,2
1137,6,2
1138,6,2
1139,6,2
1140,6,2
1141,6,2
1142,6,2
1143,6,2
1144,6,2
1145,6,2
1146,6,2
1147,6,2
1148,6,2
1149,6,2
1150,6,2
1151,6,2
1152,6,2
1153,6,2
1154,6,2
1155,6,2
1156,6,5
1157,6,5
1158,6,5
1159,6,5
1160,6,5
1161,6,5
1162,6,5
1163,6,5
1164,6,5
1165,6,5
1166,6,5
1167,6,5
1168,6,5
1169,6,5
1170,6,5
1171,6,5
1172,6,5
1173,6,5
1174,6,5
1175,6,5
1176,6,5
1177,6,5
1178,6,5
1179,6,5
1180,6,5
1181,6,5
1182,6,5
1183,6,4
1184,6,4
1185,6,4
1186,6,4
1187,6,4
1188,6,4
1189,6,4
1190,6,4
1191,6,4
1192,6,4
1193,6,4
1194,6,4
1195,6,4
1196,6,4
1197,6,4
1198,6,4
1199,6,4
1200,6,4
1201,6,4
1202,6,4
1203,6,4
1204,6,4
1205,6,4
1206,6,4
1207,6,4
1208,6,4
1209,6,6
1210,6,6
1211,6,6
1212,6,6
1213,6,6
1214,6,6
1215,6,6
1216,6,6
1217,6,6
1218,6,6
1219,6,6
1220,6,6
1221,6,6
1222,6,6
1223,6,6
1224,6,6
1225,6,6
1226,6,6
1227,6,6
1228,6,6
1229,6,6
1230,6,6
1231,6,6
1232,6,6
1233,6,6
1234,6,6
1235,6,6
1236,6,6
1237,6,6
1238,6,1
1239,6,1
1240,6,1
1241,6,1
1242,6,1
1243,6,1
1244,6,1
1245,6,1
1246,6,1
1247,6,1
1248,6,1
1249,6,1
1250,6,1
1251,6,1
1252,6,1
1253,6,1
1254,6,1
1255,6,1
1256,6,1
1257,6,1
1258,6,1
1259,6,1
1260,6,1
1261,6,1
1262,6,1
1263,6,1
1264,6,1
1265,6,1
1266,6,3
1267,6,3
1268,6,3
1269,6,3
1270,6,3
1271,6,3
1272,6,3
1273,6,3
1274,6,3
1275,6,3
1276,6,3
1277,6,3
1278,6,3
1279,6,3
1280,6,3
1281,6,3
1282,6,3
1283,6,3
1284,6,3
1285,6,3
1286,6,3
1287,6,3
1288,6,3
1289,6,3
1290,6,2
1291,6,2
1292,6,2
1293,6,2
1294,6,2
1295,6,2
1296,6,2
1297,6,2
1298,6,2
1299,6,2
1300,6,2
1301,6,2
1302,6,2
1303,6,2
1304,6,2
1305,6,2
1306,6,2
1307,6,2
1308,6,2
1309,6,2
1310,6,2
1311,6,2
1312,6,2
1313,6,2
1314,6,2
1315,7,5
1316,7,5
1317,7,5
1318,7,5
1319,7,5
1320,7,5
1321,7,5
1322,7,5
1323,7,5
1324,7,5
1325,7,5
1326,7,5
1327,7,5
1328,7,5
1329,7,5
1330,7,5
1331,7,5
1332,7,5
1333,7,5
1334,7,5
1335,7,5
1336,7,5
1337,7,5
1338,7,5
1339,7,5
1340,7,5
1341,7,5
1342,7,5
1343,7,4
1344,7,4
1345,7,4
1346,7,4
1347,7,4
1348,7,4
1349,7,4
1350,7,4
1351,7,4
1352,7,4
1353,7,4
1354,7,4
1355,7,4
1356,7,4
1357,7,4
1358,7,4
1359,7,4
1360,7,4
1361,7,4
1362,7,4
1363,7,4
1364,7,4
1365,7,4
1366,7,4
1367,7,4
1368,7,4
1369,7,6
1370,7,6
1371,7,6
1372,7,6
1373,7,6
1374,7,6
1375,7,6
1376,7,6
1377,7,6
1378,7,6
1379,7,6
1380,7,6
1381,7,6
1382,7,6
1383,7,6
1384,7,6
1385,7,6
1386,7,6
1387,7,6
1388,7,6
1389,7,6
1390,7,6
1391,7,6
1392,7,6
1393,7,6
1394,7,6
1395,7,6
1396,7,1
1397,7,1
1398,7,1
1399,7,1
1400,7,1
1401,7,1
1402,7,1
1403,7,1
1404,7,1
1405,7,1
1406,7,1
1407,7,1
1408,7,1
1409,7,1
1410,7,1
1411,7,1
1412,7,1
1413,7,1
1414,7,1
1415,7,1
1416,7,1
1417,7,1
1418,7,1
1419,7,1
1420,7,1
1421,7,1
1422,7,1
1423,7,1
1424,7,1
1425,7,3
1426,7,3
1427,7,3
1428,7,3
1429,7,3
1430,7,3
1431,7,3
1432,7,3
1433,7,3
1434,7,3
1435,7,3
1436,7,3
1437,7,3
1438,7,3
1439,7,3
1440,7,3
1441,7,3
1442,7,3
1443,7,3
1444,7,3
1445,7,3
1446,7,3
1447,7,3
1448,7,3
1449,7,3
1450,7,2
1451,7,2
1452,7,2
1453,7,2
1454,7,2
1455,7,2
1456,7,2
1457,7,2
1458,7,2
1459,7,2
1460,7,2
1461,7,2
1462,7,2
1463,7,2
1464,7,2
1465,7,2
1466,7,2
1467,7,2
1468,7,2
1469,7,2
1470,7,2
1471,7,2
1472,7,2
1473,7,2
1474,7,2
1475,7,2
1476,7,5
1477,7,5
1478,7,5
1479,7,5
1480,7,5
1481,7,5
1482,7,5
1483,7,5
1484,7,5
1485,7,5
1486,7,5
1487,7,5
1488,7,5
1489,7,5
1490,7,5
1491,7,5
1492,7,5
1493,7,5
1494,7,5
1495,7,5
1496,7,5
1497,7,5
1498,7,5
1499,7,5
1500,7,5
1501,7,4
1502,7,4
1503,7,4
1504,7,4
1505,7,4
1506,7,4
1507,7,4
1508,7,4
1509,7,4
1510,7,4
1511,7,4
1512,7,4
1513,7,4
1514,7,4
1515,7,4
1516,7,4
1517,7,4
1518,7,4
1519,7,4
1520,7,4
1521,7,4
1522,7,4
1523,7,6
1524,7,6
1525,7,6
1526,7,6
1527,7,6
1528,7,6
1529,7,6
1530,7,6
1531,7,6
1532,7,6
1533,7,6
1534,7,6
1535,7,6
1536,7,6
1537,7,6
1538,7,6
1539,7,6
1540,7,6
1541,7,6
1542,7,6
1543,7,6
1544,7,6
1545,7,6
1546,7,6
1547,7,6
1548,7,1
1549,7,1
1550,7,1
1551,7,1
1552,7,1
1553,7,1
1554,7,1
1555,7,1
1556,7,1
1557,7,1
1558,7,1
1559,7,1
1560,7,1
1561,7,1
1562,7,1
1563,7,1
1564,7,1
1565,7,1
1566,7,1
1567,7,1
1568,7,1
1569,7,1
1570,7,1
1571,7,1
1572,7,1
1573,7,1
1574,7,1
1575,7,1
1576,7,3
1577,7,3
1578,7,3
1579,7,3
1580,7,3
1581,7,3
1582,7,3
1583,7,3
1584,7,3
1585,7,3
1586,7,3
1587,7,3
1588,7,3
1589,7,3
1590,7,3
1591,7,3
1592,7,3
1593,7,3
1594,7,3
1595,7,3
1596,7,3
1597,7,3
1598,7,2
1599,7,2
1600,7,2
1601,7,2
1602,7,2
1603,7,2
1604,7,2
1605,7,2
1606,7,2
1607,7,2
1608,7,2
1609,7,2
1610,7,2
1611,7,2
1612,7,2
1613,7,2
1614,7,2
1615,7,2
1616,7,2
1617,7,2
1618,7,2
1619,7,2
1620,7,2
1621,7,2
1622,7,2
1623,8,5
1624,8,5
1625,8,5
1626,8,5
1627,8,5
1628,8,5
1629,8,5
1630,8,5
1631,8,5
1632,8,5
1633,8,5
1634,8,5
1635,8,5
1636,8,5
1637,8,5
1638,8,5
1639,8,5
1640,8,5
1641,8,5
1642,8,5
1643,8,5
1644,8,5
1645,8,4
1646,8,4
1647,8,4
1648,8,4
1649,8,4
1650,8,4
1651,8,4
1652,8,4
1653,8,4
1654,8,4
1655,8,4
1656,8,4
1657,8,4
1658,8,4
1659,8,4
1660,8,4
1661,8,4
1662,8,4
1663,8,4
1664,8,4
1665,8,4
1666,8,4
1667,8,6
1668,8,6
1669,8,6
1670,8,6
1671,8,6
1672,8,6
1673,8,6
1674,8,6
1675,8,6
1676,8,6
1677,8,6
1678,8,6
1679,8,6
1680,8,6
1681,8,6
1682,8,6
1683,8,6
1684,8,6
1685,8,6
1686,8,6
1687,8,6
1688,8,6
1689,8,6
1690,8,6
1691,8,6
1692,8,1
1693,8,1
1694,8,1
1695,8,1
1696,8,1
1697,8,1
1698,8,1
1699,8,1
1700,8,1
1701,8,1
1702,8,1
1703,8,1
1704,8,1
1705,8,1
1706,8,1
1707,8,1
1708,8,1
1709,8,1
1710,8,1
1711,8,1
1712,8,1
1713,8,1
1714,8,1
1715,8,1
1716,8,3
1717,8,3
1718,8,3
1719,8,3
1720,8,3
1721,8,3
1722,8,3
1723,8,3
1724,8,3
1725,8,3
1726,8,3
1727,8,3
1728,8,3
1729,8,3
1730,8,3
1731,8,3
1732,8,3
1733,8,3
1734,8,3
1735,8,3
1736,8,2
1737,8,2
1738,8,2
1739,8,2
1740,8,2
1741,8,2
1742,8,2
1743,8,2
1744,8,2
1745,8,2
1746,8,2
1747,8,2
1748,8,2
1749,8,2
1750,8,2
1751,8,2
1752,8,2
1753,8,2
1754,8,2
1755,8,2
1756,8,2
1757,8,5
1758,8,5
1759,8,5
1760,8,5
1761,8,5
1762,8,5
1763,8,5
1764,8,5
1765,8,5
1766,8,5
1767,8,5
1768,8,5
1769,8,5
1770,8,5
1771,8,5
1772,8,5
1773,8,5
1774,8,5
1775,8,5
1776,8,5
1777,8,5
1778,8,5
1779,8,5
1780,8,5
1781,8,5
1782,8,5
1783,8,5
1784,8,5
1785,8,5
1786,8,5
1787,8,5
1788,8,5
1789,8,4
1790,8,4
1791,8,4
1792,8,4
1793,8,4
1794,8,4
1795,8,4
1796,8,4
1797,8,4
1798,8,4
1799,8,4
1800,8,4
1801,8,4
1802,8,4
1803,8,4
1804,8,4
1805,8,4
1806,8,4
1807,8,4
1808,8,4
1809,8,4
1810,8,4
1811,8,4
1812,8,4
1813,8,6
1814,8,6
1815,8,6
1816,8,6
1817,8,6
1818,8,6
1819,8,6
1820,8,6
1821,8,6
1822,8,6
1823,8,6
1824,8,6
1825,8,6
1826,8,6
1827,8,6
1828,8,6
1829,8,6
1830,8,6
1831,8,6
1832,8,6
1833,8,6
1834,8,6
1835,8,6
1836,8,6
1837,8,6
1838,8,6
1839,8,6
1840,8,6
1841,8,6
1842,8,1
1843,8,1
1844,8,1
1845,8,1
1846,8,1
1847,8,1
1848,8,1
1849,8,1
1850,8,1
1851,8,1
1852,8,1
1853,8,1
1854,8,1
1855,8,1
1856,8,1
1857,8,1
1858,8,1
1859,8,1
1860,8,1
1861,8,1
1862,8,1
1863,8,1
1864,8,1
1865,8,1
1866,8,3
1867,8,3
1868,8,3
1869,8,3
1870,8,3
1871,8,3
1872,8,3
1873,8,3
1874,8,3
1875,8,3
1876,8,3
1877,8,3
1878,8,3
1879,8,3
1880,8,3
1881,8,3
1882,8,3
1883,8,3
1884,8,2
1885,8,2
1886,8,2
1887,8,2
1888,8,2
1889,8,2
1890,8,2
1891,8,2
1892,8,2
1893,8,2
1894,8,2
1895,8,2
1896,8,2
1897,8,2
1898,8,2
1899,8,2
1900,8,2
1901,8,2
1902,8,2
1903,8,2
1904,11,5
1905,11,5
1906,11,5
1907,11,5
1908,11,5
1909,11,5
1910,11,5
1911,11,5
1912,11,5
1913,11,5
1914,11,5
1915,11,5
1916,11,5
1917,11,5
1918,11,5
1919,11,5
1920,11,5
1921,11,5
1922,11,5
1923,11,5
1924,11,5
1925,11,4
1926,11,4
1927,11,4
1928,11,4
1929,11,4
1930,11,4
1931,11,4
1932,11,4
1933,11,4
1934,11,4
1935,11,4
1936,11,4
1937,11,4
1938,11,4
1939,11,4
1940,11,4
1941,11,4
1942,11,4
1943,11,4
1944,11,4
1945,11,4
1946,11,4
1947,11,4
1948,11,4
1949,11,4
1950,11,4
1951,11,6
1952,11,6
1953,11,6
1954,11,6
1955,11,6
1956,11,6
1957,11,6
1958,11,6
1959,11,6
1960,11,6
1961,11,6
1962,11,6
1963,11,6
1964,11,6
1965,11,6
1966,11,6
1967,11,6
1968,11,6
1969,11,6
1970,11,6
1971,11,6
1972,11,6
1973,11,6
1974,11,6
1975,11,6
1976,11,6
1977,11,6
1978,11,6
1979,11,6
1980,11,6
1981,11,1
1982,11,1
1983,11,1
1984,11,1
1985,11,1
1986,11,1
1987,11,1
1988,11,1
1989,11,1
1990,11,1
1991,11,1
1992,11,1
1993,11,1
1994,11,1
1995,11,1
1996,11,1
1997,11,1
1998,11,1
1999,11,1
2000,11,1
2001,11,1
2002,11,1
2003,11,1
2004,11,1
2005,11,1
2006,11,1
2007,11,1
2008,11,1
2009,11,1
2010,11,3
2011,11,3
2012,11,3
2013,11,3
2014,11,3
2015,11,3
2016,11,3
2017,11,3
2018,11,3
2019,11,3
2020,11,3
2021,11,3
2022,11,3
2023,11,3
2024,11,3
2025,11,3
2026,11,3
2027,11,3
2028,11,3
2029,11,3
2030,11,3
2031,11,3
2032,11,2
2033,11,2
2034,11,2
2035,11,2
2036,11,2
2037,11,2
2038,11,2
2039,11,2
2040,11,2
2041,11,2
2042,11,2
2043,11,2
2044,11,2
2045,11,2
2046,11,2
2047,11,2
2048,11,2
2049,11,2
2050,11,2
2051,11,2
2052,11,2
2053,11,2
2054,11,2
2055,11,2
2056,11,2
2057,11,2
2058,11,5
2059,11,5
2060,11,5
2061,11,5
2062,11,5
2063,11,5
2064,11,5
2065,11,5
2066,11,5
2067,11,5
2068,11,5
2069,11,5
2070,11,5
2071,11,5
2072,11,5
2073,11,5
2074,11,5
2075,11,5
2076,11,5
2077,11,5
2078,11,5
2079,11,5
2080,11,5
2081,11,5
2082,11,5
2083,11,5
2084,11,4
2085,11,4
2086,11,4
2087,11,4
2088,11,4
2089,11,4
2090,11,4
2091,11,4
2092,11,4
2093,11,4
2094,11,4
2095,11,4
2096,11,4
2097,11,4
2098,11,4
2099,11,4
2100,11,4
2101,11,4
2102,11,4
2103,11,4
2104,11,4
2105,11,4
2106,11,4
2107,11,4
2108,11,4
2109,11,4
2110,11,4
2111,11,6
2112,11,6
2113,11,6
2114,11,6
2115,11,6
2116,11,6
2117,11,6
2118,11,6
2119,11,6
2120,11,6
2121,11,6
2122,11,6
2123,11,6
2124,11,6
2125,11,6
2126,11,6
2127,11,6
2128,11,6
2129,11,6
2130,11,6
2131,11,6
2132,11,6
2133,11,6
2134,11,6
2135,11,6
2136,11,6
2137,11,6
2138,11,1
2139,11,1
2140,11,1
2141,11,1
2142,11,1
2143,11,1
2144,11,1
2145,11,1
2146,11,1
2147,11,1
2148,11,1
2149,11,1
2150,11,1
2151,11,1
2152,11,1
2153,11,1
2154,11,1
2155,11,1
2156,11,1
2157,11,1
2158,11,1
2159,11,1
2160,11,1
2161,11,1
2162,11,1
2163,11,1
2164,11,1
2165,11,1
2166,11,1
2167,11,1
2168,11,3
2169,11,3
2170,11,3
2171,11,3
2172,11,3
2173,11,3
2174,11,3
2175,11,3
2176,11,3
2177,11,3
2178,11,3
2179,11,3
2180,11,3
2181,11,3
2182,11,3
2183,11,3
2184,11,3
2185,11,3
2186,11,3
2187,11,3
2188,11,3
2189,11,3
2190,11,3
2191,11,3
2192,11,2
2193,11,2
2194,11,2
2195,11,2
2196,11,2
2197,11,2
2198,11,2
2199,11,2
2200,11,2
2201,11,2
2202,11,2
2203,11,2
2204,11,2
2205,11,2
2206,11,2
2207,11,2
2208,11,2
2209,11,2
2210,11,2
2211,11,2
2212,11,2
2213,11,2
2214,11,2
2215,11,2
2216,11,2
2217,11,2
2218,11,2
2219,11,2
2220,14,5
2221,14,5
2222,14,5
2223,14,5
2224,14,5
2225,14,5
2226,14,5
2227,14,5
2228,14,5
2229,14,5
2230,14,5
2231,14,5
2232,14,5
2233,14,5
2234,14,5
2235,14,5
2236,14,5
2237,14,5
2238,14,5
2239,14,5
2240,14,5
2241,14,5
2242,14,5
2243,14,5
2244,14,5
2245,14,5
2246,14,5
2247,14,5
2248,14,5
2249,14,5
2250,14,4
2251,14,4
2252,14,4
2253,14,4
2254,14,4
2255,14,4
2256,14,4
2257,14,4
2258,14,4
2259,14,4
2260,14,4
2261,14,4
2262,14,4
2263,14,4
2264,14,4
2265,14,4
2266,14,4
2267,14,4
2268,14,4
2269,14,4
2270,14,4
2271,14,4
2272,14,4
2273,14,4
2274,14,4
2275,14,4
2276,14,6
2277,14,6
2278,14,6
2279,14,6
2280,14,6
2281,14,6
2282,14,6
2283,14,6
2284,14,6
2285,14,6
2286,14,6
2287,14,6
2288,14,6
2289,14,6
2290,14,6
2291,14,6
2292,14,6
2293,14,6
2294,14,6
2295,14,6
2296,14,6
2297,14,6
2298,14,6
2299,14,6
2300,14,6
2301,14,1
2302,14,1
2303,14,1
2304,14,1
2305,14,1
2306,14,1
2307,14,1
2308,14,1
2309,14,1
2310,14,1
2311,14,1
2312,14,1
2313,14,1
2314,14,1
2315,14,1
2316,14,1
2317,14,1
2318,14,1
2319,14,1
2320,14,1
2321,14,1
2322,14,1
2323,14,1
2324,14,1
2325,14,1
2326,14,1
2327,14,1
2328,14,1
2329,14,1
2330,14,1
2331,14,3
2332,14,3
2333,14,3
2334,14,3
2335,14,3
2336,14,3
2337,14,3
2338,14,3
2339,14,3
2340,14,3
2341,14,3
2342,14,3
2343,14,3
2344,14,3
2345,14,3
2346,14,3
2347,14,3
2348,14,3
2349,14,3
2350,14,3
2351,14,3
2352,14,3
2353,14,3
2354,14,3
2355,14,2
2356,14,2
2357,14,2
2358,14,2
2359,14,2
2360,14,2
2361,14,2
2362,14,2
2363,14,2
2364,14,2
2365,14,2
2366,14,2
2367,14,2
2368,14,2
2369,14,2
2370,14,2
2371,14,2
2372,14,2
2373,14,2
2374,14,2
2375,14,2
2376,14,2
2377,14,2
2378,14,2
2379,14,2
2380,14,2
2381,14,2
2382,14,5
2383,14,5
2384,14,5
2385,14,5
2386,14,5
2387,14,5
2388,14,5
2389,14,5
2390,14,5
2391,14,5
2392,14,5
2393,14,5
2394,14,5
2395,14,5
2396,14,5
2397,14,5
2398,14,5
2399,14,5
2400,14,5
2401,14,5
2402,14,5
2403,14,5
2404,14,5
2405,14,5
2406,14,5
2407,14,5
2408,14,5
2409,14,5
2410,14,5
2411,14,5
2412,14,4
2413,14,4
2414,14,4
2415,14,4
2416,14,4
2417,14,4
2418,14,4
2419,14,4
2420,14,4
2421,14,4
2422,14,4
2423,14,4
2424,14,4
2425,14,4
2426,14,4
2427,14,4
2428,14,4
2429,14,4
2430,14,4
2431,14,4
2432,14,4
2433,14,4
2434,14,4
2435,14,4
2436,14,4
2437,14,4
2438,14,4
2439,14,4
2440,14,6
2441,14,6
2442,14,6
2443,14,6
2444,14,6
2445,14,6
2446,14,6
2447,14,6
2448,14,6
2449,14,6
2450,14,6
2451,14,6
2452,14,6
2453,14,6
2454,14,6
2455,14,6
2456,14,6
2457,14,6
2458,14,6
2459,14,6
2460,14,6
2461,14,6
2462,14,6
2463,14,6
2464,14,6
2465,14,6
2466,14,1
2467,14,1
2468,14,1
2469,14,1
2470,14,1
2471,14,1
2472,14,1
2473,14,1
2474,14,1
2475,14,1
2476,14,1
2477,14,1
2478,14,1
2479,14,1
2480,14,1
2481,14,1
2482,14,1
2483,14,1
2484,14,1
2485,14,1
2486,14,1
2487,14,1
2488,14,1
2489,14,1
2490,14,1
2491,14,1
2492,14,1
2493,14,1
2494,14,1
2495,14,3
2496,14,3
2497,14,3
2498,14,3
2499,14,3
2500,14,3
2501,14,3
2502,14,3
2503,14,3
2504,14,3
2505,14,3
2506,14,3
2507,14,3
2508,14,3
2509,14,3
2510,14,3
2511,14,3
2512,14,3
2513,14,3
2514,14,3
2515,14,3
2516,14,2
2517,14,2
2518,14,2
2519,14,2
2520,14,2
2521,14,2
2522,14,2
2523,14,2
2524,14,2
2525,14,2
2526,14,2
2527,14,2
2528,14,2
2529,14,2
2530,14,2
2531,14,2
2532,14,2
2533,14,2
2534,14,2
2535,14,2
2536,14,2
2537,14,2
2538,14,2
2539,14,2
2540,14,2
2541,14,2
2542,14,2
2543,15,5
2544,15,5
2545,15,5
2546,15,5
2547,15,5
2548,15,5
2549,15,5
2550,15,5
2551,15,5
2552,15,5
2553,15,5
2554,15,5
2555,15,5
2556,15,5
2557,15,5
2558,15,5
2559,15,5
2560,15,5
2561,15,5
2562,15,5
2563,15,5
2564,15,5
2565,15,5
2566,15,5
2567,15,5
2568,15,5
2569,15,5
2570,15,4
2571,15,4
2572,15,4
2573,15,4
2574,15,4
2575,15,4
2576,15,4
2577,15,4
2578,15,4
2579,15,4
2580,15,4
2581,15,4
2582,15,4
2583,15,4
2584,15,4
2585,15,4
2586,15,4
2587,15,4
2588,15,4
2589,15,4
2590,15,4
2591,15,4
2592,15,4
2593,15,4
2594,15,4
2595,15,4
2596,15,4
2597,15,6
2598,15,6
2599,15,6
2600,15,6
2601,15,6
2602,15,6
2603,15,6
2604,15,6
2605,15,6
2606,15,6
2607,15,6
2608,15,6
2609,15,6
2610,15,6
2611,15,6
2612,15,6
2613,15,6
2614,15,6
2615,15,6
2616,15,6
2617,15,6
2618,15,6
2619,15,6
2620,15,6
2621,15,6
2622,15,6
2623,15,6
2624,15,6
2625,15,6
2626,15,6
2627,15,6
2628,15,6
2629,15,6
2630,15,6
2631,15,1
2632,15,1
2633,15,1
2634,15,1
2635,15,1
2636,15,1
2637,15,1
2638,15,1
2639,15,1
2640,15,1
2641,15,1
2642,15,1
2643,15,1
2644,15,1
2645,15,1
2646,15,1
2647,15,1
2648,15,1
2649,15,1
2650,15,1
2651,15,1
2652,15,1
2653,15,1
2654,15,1
2655,15,1
2656,15,1
2657,15,1
2658,15,1
2659,15,3
2660,15,3
2661,15,3
2662,15,3
2663,15,3
2664,15,3
2665,15,3
2666,15,3
2667,15,3
2668,15,3
2669,15,3
2670,15,3
2671,15,3
2672,15,3
2673,15,3
2674,15,3
2675,15,3
2676,15,3
2677,15,3
2678,15,3
2679,15,3
2680,15,2
2681,15,2
2682,15,2
2683,15,2
2684,15,2
2685,15,2
2686,15,2
2687,15,2
2688,15,2
2689,15,2
2690,15,2
2691,15,2
2692,15,2
2693,15,2
2694,15,2
2695,15,2
2696,15,2
2697,15,2
2698,15,2
2699,15,2
2700,15,2
2701,15,2
2702,15,2
2703,15,2
2704,15,5
2705,15,5
2706,15,5
2707,15,5
2708,15,5
2709,15,5
2710,15,5
2711,15,5
2712,15,5
2713,15,5
2714,15,5
2715,15,5
2716,15,5
2717,15,5
2718,15,5
2719,15,5
2720,15,5
2721,15,5
2722,15,5
2723,15,5
2724,15,5
2725,15,5
2726,15,5
2727,15,5
2728,15,5
2729,15,5
2730,15,4
2731,15,4
2732,15,4
2733,15,4
2734,15,4
2735,15,4
2736,15,4
2737,15,4
2738,15,4
2739,15,4
2740,15,4
2741,15,4
2742,15,4
2743,15,4
2744,15,4
2745,15,4
2746,15,4
2747,15,4
2748,15,4
2749,15,4
2750,15,4
2751,15,4
2752,15,4
2753,15,4
2754,15,4
2755,15,4
2756,15,4
2757,15,4
2758,15,4
2759,15,4
2760,15,4
2761,15,4
2762,15,6
2763,15,6
2764,15,6
2765,15,6
2766,15,6
2767,15,6
2768,15,6
2769,15,6
2770,15,6
2771,15,6
2772,15,6
2773,15,6
2774,15,6
2775,15,6
2776,15,6
2777,15,6
2778,15,6
2779,15,6
2780,15,6
2781,15,6
2782,15,6
2783,15,6
2784,15,6
2785,15,6
2786,15,6
2787,15,6
2788,15,6
2789,15,6
2790,15,6
2791,15,6
2792,15,6
2793,15,6
2794,15,6
2795,15,6
2796,15,6
2797,15,6
2798,15,6
2799,15,6
2800,15,1
2801,15,1
2802,15,1
2803,15,1
2804,15,1
2805,15,1
2806,15,1
2807,15,1
2808,15,1
2809,15,1
2810,15,1
2811,15,1
2812,15,1
2813,15,1
2814,15,1
2815,15,1
2816,15,1
2817,15,1
2818,15,1
2819,15,1
2820,15,1
2821,15,1
2822,15,1
2823,15,1
2824,15,1
2825,15,1
2826,15,3
2827,15,3
2828,15,3
2829,15,3
2830,15,3
2831,15,3
2832,15,3
2833,15,3
2834,15,3
2835,15,3
2836,15,3
2837,15,3
2838,15,3
2839,15,3
2840,15,3
2841,15,3
2842,15,3
2843,15,3
2844,15,3
2845,15,3
2846,15,3
2847,15,2
2848,15,2
2849,15,2
2850,15,2
2851,15,2
2852,15,2
2853,15,2
2854,15,2
2855,15,2
2856,15,2
2857,15,2
2858,15,2
2859,15,2
2860,15,2
2861,15,2
2862,15,2
2863,15,2
2864,15,2
2865,15,2
2866,15,2
2867,15,2
2868,15,2
2869,15,2
2870,15,2
2871,16,5
2872,16,5
2873,16,5
2874,16,5
2875,16,5
2876,16,5
2877,16,5
2878,16,5
2879,16,5
2880,16,5
2881,16,5
2882,16,5
2883,16,5
2884,16,5
2885,16,5
2886,16,5
2887,16,5
2888,16,5
2889,16,5
2890,16,5
2891,16,5
2892,16,5
2893,16,5
2894,16,5
2895,16,5
2896,16,5
2897,16,5
2898,16,5
2899,16,5
2900,16,5
2901,16,5
2902,16,5
2903,16,5
2904,16,5
2905,16,5
2906,16,5
2907,16,4
2908,16,4
2909,16,4
2910,16,4
2911,16,4
2912,16,4
2913,16,4
2914,16,4
2915,16,4
2916,16,4
2917,16,4
2918,16,4
2919,16,4
2920,16,4
2921,16,4
2922,16,4
2923,16,4
2924,16,4
2925,16,4
2926,16,4
2927,16,4
2928,16,4
2929,16,4
2930,16,4
2931,16,4
2932,16,4
2933,16,4
2934,16,4
2935,16,4
2936,16,4
2937,16,4
2938,16,6
2939,16,6
2940,16,6
2941,16,6
2942,16,6
2943,16,6
2944,16,6
2945,16,6
2946,16,6
2947,16,6
2948,16,6
2949,16,6
2950,16,6
2951,16,6
2952,16,6
2953,16,6
2954,16,6
2955,16,6
2956,16,6
2957,16,6
2958,16,6
2959,16,6
2960,16,6
2961,16,6
2962,16,6
2963,16,6
2964,16,6
2965,16,6
2966,16,6
2967,16,6
2968,16,6
2969,16,6
2970,16,6
2971,16,6
2972,16,6
2973,16,1
2974,16,1
2975,16,1
2976,16,1
2977,16,1
2978,16,1
2979,16,1
2980,16,1
2981,16,1
2982,16,1
2983,16,1
2984,16,1
2985,16,1
2986,16,1
2987,16,1
2988,16,1
2989,16,1
2990,16,1
2991,16,1
2992,16,1
2993,16,1
2994,16,1
2995,16,1
2996,16,1
2997,16,1
2998,16,1
2999,16,3
3000,16,3
3001,16,3
3002,16,3
3003,16,3
3004,16,3
3005,16,3
3006,16,3
3007,16,3
3008,16,3
3009,16,3
3010,16,3
3011,16,3
3012,16,3
3013,16,3
3014,16,3
3015,16,3
3016,16,3
3017,16,3
3018,16,3
3019,16,3
3020,16,3
3021,16,3
3022,16,3
3023,16,2
3024,16,2
3025,16,2
3026,16,2
3027,16,2
3028,16,2
3029,16,2
3030,16,2
3031,16,2
3032,16,2
3033,16,2
3034,16,2
3035,16,2
3036,16,2
3037,16,2
3038,16,2
3039,16,2
3040,16,2
3041,16,2
3042,16,2
3043,16,2
3044,16,2
3045,16,2
3046,16,2
3047,16,2
3048,16,2
3049,16,2
3050,16,5
3051,16,5
3052,16,5
3053,16,5
3054,16,5
3055,16,5
3056,16,5
3057,16,5
3058,16,5
3059,16,5
3060,16,5
3061,16,5
3062,16,5
3063,16,5
3064,16,5
3065,16,5
3066,16,5
3067,16,5
3068,16,5
3069,16,5
3070,16,5
3071,16,5
3072,16,5
3073,16,5
3074,16,5
3075,16,5
3076,16,5
3077,16,5
3078,16,5
3079,16,5
3080,16,5
3081,16,5
3082,16,5
3083,16,5
3084,16,5
3085,16,5
3086,16,5
3087,16,5
3088,16,5
3089,16,5
3090,16,5
3091,16,5
3092,16,4
3093,16,4
3094,16,4
3095,16,4
3096,16,4
3097,16,4
3098,16,4
3099,16,4
3100,16,4
3101,16,4
3102,16,4
3103,16,4
3104,16,4
3105,16,4
3106,16,4
3107,16,4
3108,16,4
3109,16,4
3110,16,4
3111,16,4
3112,16,4
3113,16,4
3114,16,4
3115,16,4
3116,16,4
3117,16,4
3118,16,4
3119,16,4
3120,16,4
3121,16,4
3122,16,4
3123,16,4
3124,16,4
3125,16,4
3126,16,4
3127,16,4
3128,16,4
3129,16,4
3130,16,6
3131,16,6
3132,16,6
3133,16,6
3134,16,6
3135,16,6
3136,16,6
3137,16,6
3138,16,6
3139,16,6
3140,16,6
3141,16,6
3142,16,6
3143,16,6
3144,16,6
3145,16,6
3146,16,6
3147,16,6
3148,16,6
3149,16,6
3150,16,6
3151,16,6
3152,16,6
3153,16,6
3154,16,6
3155,16,6
3156,16,6
3157,16,6
3158,16,6
3159,16,6
3160,16,6
3161,16,6
3162,16,6
3163,16,6
3164,16,6
3165,16,1
3166,16,1
3167,16,1
3168,16,1
3169,16,1
3170,16,1
3171,16,1
3172,16,1
3173,16,1
3174,16,1
3175,16,1
3176,16,1
3177,16,1
3178,16,1
3179,16,1
3180,16,1
3181,16,1
3182,16,1
3183,16,1
3184,16,1
3185,16,1
3186,16,1
3187,16,1
3188,16,1
3189,16,1
3190,16,3
3191,16,3
3192,16,3
3193,16,3
3194,16,3
3195,16,3
3196,16,3
3197,16,3
3198,16,3
3199,16,3
3200,16,3
3201,16,3
3202,16,3
3203,16,3
3204,16,3
3205,16,3
3206,16,3
3207,16,3
3208,16,3
3209,16,3
3210,16,3
3211,16,3
3212,16,3
3213,16,2
3214,16,2
3215,16,2
3216,16,2
3217,16,2
3218,16,2
3219,16,2
3220,16,2
3221,16,2
3222,16,2
3223,16,2
3224,16,2
3225,16,2
3226,16,2
3227,16,2
3228,16,2
3229,16,2
3230,16,2
3231,16,2
3232,16,2
3233,16,2
3234,16,2
3235,16,2
3236,16,2
3237,17,5
3238,17,5
3239,17,5
3240,17,5
3241,17,5
3242,17,5
3243,17,5
3244,17,5
3245,17,5
3246,17,5
3247,17,5
3248,17,5
3249,17,5
3250,17,5
3251,17,5
3252,17,5
3253,17,5
3254,17,5
3255,17,5
3256,17,5
3257,17,5
3258,17,5
3259,17,5
3260,17,5
3261,17,5
3262,17,5
3263,17,5
3264,17,5
3265,17,5
3266,17,5
3267,17,5
3268,17,5
3269,17,5
3270,17,5
3271,17,5
3272,17,5
3273,17,5
3274,17,5
3275,17,5
3276,17,5
3277,17,5
3278,17,5
3279,17,5
3280,17,4
3281,17,4
3282,17,4
3283,17,4
3284,17,4
3285,17,4
3286,17,4
3287,17,4
3288,17,4
3289,17,4
3290,17,4
3291,17,4
3292,17,4
3293,17,4
3294,17,4
3295,17,4
3296,17,4
3297,17,4
3298,17,4
3299,17,4
3300,17,4
3301,17,4
3302,17,4
3303,17,4
3304,17,4
3305,17,4
3306,17,4
3307,17,4
3308,17,4
3309,17,4
3310,17,4
3311,17,4
3312,17,4
3313,17,6
3314,17,6
3315,17,6
3316,17,6
3317,17,6
3318,17,6
3319,17,6
3320,17,6
3321,17,6
3322,17,6
3323,17,6
3324,17,6
3325,17,6
3326,17,6
3327,17,6
3328,17,6
3329,17,6
3330,17,6
3331,17,6
3332,17,6
3333,17,6
3334,17,6
3335,17,6
3336,17,6
3337,17,6
3338,17,6
3339,17,6
3340,17,6
3341,17,6
3342,17,6
3343,17,6
3344,17,6
3345,17,6
3346,17,6
3347,17,6
3348,17,1
3349,17,1
3350,17,1
3351,17,1
3352,17,1
3353,17,1
3354,17,1
3355,17,1
3356,17,1
3357,17,1
3358,17,1
3359,17,1
3360,17,1
3361,17,1
3362,17,1
3363,17,1
3364,17,1
3365,17,1
3366,17,1
3367,17,1
3368,17,1
3369,17,1
3370,17,1
3371,17,1
3372,17,1
3373,17,1
3374,17,1
3375,17,1
3376,17,1
3377,17,1
3378,17,1
3379,17,1
3380,17,3
3381,17,3
3382,17,3
3383,17,3
3384,17,3
3385,17,3
3386,17,3
3387,17,3
3388,17,2
3389,17,2
3390,17,2
3391,17,2
3392,17,2
3393,17,2
3394,17,2
3395,17,2
3396,17,3
3397,17,3
3398,17,3
3399,17,3
3400,17,3
3401,17,3
3402,17,3
3403,17,3
3404,17,2
3405,17,2
3406,17,2
3407,17,2
3408,17,2
3409,17,2
3410,17,2
3411,17,2
3412,17,3
3413,17,3
3414,17,3
3415,17,3
3416,17,3
3417,17,3
3418,17,3
3419,17,2
3420,17,2
3421,17,2
3422,17,2
3423,17,2
3424,17,2
3425,17,2
3426,17,2
3427,17,5
3428,17,5
3429,17,5
3430,17,5
3431,17,5
3432,17,5
3433,17,5
3434,17,5
3435,17,5
3436,17,5
3437,17,5
3438,17,5
3439,17,5
3440,17,5
3441,17,5
3442,17,5
3443,17,5
3444,17,5
3445,17,5
3446,17,5
3447,17,5
3448,17,5
3449,17,5
3450,17,5
3451,17,5
3452,17,5
3453,17,5
3454,17,5
3455,17,5
3456,17,5
3457,17,5
3458,17,5
3459,17,5
3460,17,5
3461,17,5
3462,17,4
3463,17,4
3464,17,4
3465,17,4
3466,17,4
3467,17,4
3468,17,4
3469,17,4
3470,17,4
3471,17,4
3472,17,4
3473,17,4
3474,17,4
3475,17,4
3476,17,4
3477,17,4
3478,17,4
3479,17,4
3480,17,4
3481,17,4
3482,17,4
3483,17,4
3484,17,4
3485,17,4
3486,17,4
3487,17,4
3488,17,4
3489,17,4
3490,17,4
3491,17,4
3492,17,4
3493,17,6
3494,17,6
3495,17,6
3496,17,6
3497,17,6
3498,17,6
3499,17,6
3500,17,6
3501,17,6
3502,17,6
3503,17,6
3504,17,6
3505,17,6
3506,17,6
3507,17,6
3508,17,6
3509,17,6
3510,17,6
3511,17,6
3512,17,6
3513,17,6
3514,17,6
3515,17,6
3516,17,6
3517,17,6
3518,17,6
3519,17,6
3520,17,6
3521,17,6
3522,17,6
3523,17,6
3524,17,6
3525,17,6
3526,17,6
3527,17,6
3528,17,6
3529,17,1
3530,17,1
3531,17,1
3532,17,1
3533,17,1
3534,17,1
3535,17,1
3536,17,1
3537,17,1
3538,17,1
3539,17,1
3540,17,1
3541,17,1
3542,17,1
3543,17,1
3544,17,1
3545,17,1
3546,17,1
3547,17,1
3548,17,1
3549,17,1
3550,17,1
3551,17,1
3552,17,1
3553,17,1
3554,17,1
3555,17,1
3556,17,1
3557,17,1
3558,17,3
3559,17,3
3560,17,3
3561,17,3
3562,17,3
3563,17,3
3564,17,3
3565,17,3
3566,17,3
3567,17,3
3568,17,3
3569,17,3
3570,17,3
3571,17,3
3572,17,3
3573,17,2
3574,17,2
3575,17,2
3576,17,2
3577,17,2
3578,17,2
3579,17,2
3580,17,2
3581,17,2
3582,17,2
3583,17,2
3584,17,2
3585,17,2
3586,17,2
3587,17,2
3588,17,2
3589,17,2
3590,17,2
3591,17,2
3592,17,2
3593,17,2
3594,17,2
3595,17,2
3596,17,2
3597,17,3
3598,17,3
3599,17,3
3600,17,3
3601,17,3
3602,17,3
3603,17,3
3604,17,3
3605,19,5
3606,19,5
3607,19,5
3608,19,5
3609,19,5
3610,19,5
3611,19,5
3612,19,5
3613,19,5
3614,19,5
3615,19,5
3616,19,5
3617,19,5
3618,19,5
3619,19,5
3620,19,5
3621,19,5
3622,19,5
3623,19,5
3624,19,5
3625,19,5
3626,19,5
3627,19,5
3628,19,5
3629,19,5
3630,19,5
3631,19,5
3632,19,5
3633,19,5
3634,19,5
3635,19,5
3636,19,5
3637,19,5
3638,19,5
3639,19,5
3640,19,5
3641,19,5
3642,19,5
3643,19,5
3644,19,5
3645,19,5
3646,19,4
3647,19,4
3648,19,4
3649,19,4
3650,19,4
3651,19,4
3652,19,4
3653,19,4
3654,19,4
3655,19,4
3656,19,4
3657,19,4
3658,19,4
3659,19,4
3660,19,4
3661,19,4
3662,19,4
3663,19,4
3664,19,4
3665,19,4
3666,19,4
3667,19,4
3668,19,4
3669,19,4
3670,19,4
3671,19,4
3672,19,4
3673,19,4
3674,19,4
3675,19,4
3676,19,4
3677,19,4
3678,19,4
3679,19,4
3680,19,4
3681,19,4
3682,19,4
3683,19,6
3684,19,6
3685,19,6
3686,19,6
3687,19,6
3688,19,6
3689,19,6
3690,19,6
3691,19,6
3692,19,6
3693,19,6
3694,19,6
3695,19,6
3696,19,6
3697,19,6
3698,19,6
3699,19,6
3700,19,6
3701,19,6
3702,19,6
3703,19,6
3704,19,6
3705,19,6
3706,19,6
3707,19,6
3708,19,6
3709,19,6
3710,19,6
3711,19,6
3712,19,6
3713,19,6
3714,19,6
3715,19,6
3716,19,6
3717,19,6
3718,19,6
3719,19,6
3720,19,6
3721,19,6
3722,19,6
3723,19,6
3724,19,1
3725,19,1
3726,19,1
3727,19,1
3728,19,1
3729,19,1
3730,19,1
3731,19,1
3732,19,1
3733,19,1
3734,19,1
3735,19,1
3736,19,1
3737,19,1
3738,19,1
3739,19,1
3740,19,1
3741,19,1
3742,19,1
3743,19,1
3744,19,1
3745,19,1
3746,19,1
3747,19,1
3748,19,1
3749,19,1
3750,19,1
3751,19,3
3752,19,3
3753,19,3
3754,19,3
3755,19,3
3756,19,3
3757,19,3
3758,19,3
3759,19,3
3760,19,3
3761,19,3
3762,19,3
3763,19,3
3764,19,3
3765,19,2
3766,19,2
3767,19,2
3768,19,2
3769,19,2
3770,19,2
3771,19,2
3772,19,2
3773,19,2
3774,19,2
3775,19,2
3776,19,2
3777,19,2
3778,19,2
3779,19,3
3780,19,3
3781,19,3
3782,19,3
3783,19,3
3784,19,3
3785,19,3
3786,19,2
3787,19,2
3788,19,2
3789,19,2
3790,19,2
3791,19,2
3792,19,2
3793,19,5
3794,19,5
3795,19,5
3796,19,5
3797,19,5
3798,19,5
3799,19,5
3800,19,5
3801,19,5
3802,19,5
3803,19,5
3804,19,5
3805,19,5
3806,19,5
3807,19,5
3808,19,5
3809,19,5
3810,19,5
3811,19,5
3812,19,5
3813,19,5
3814,19,5
3815,19,5
3816,19,5
3817,19,5
3818,19,5
3819,19,5
3820,19,5
3821,19,5
3822,19,5
3823,19,5
3824,19,5
3825,19,4
3826,19,4
3827,19,4
3828,19,4
3829,19,4
3830,19,4
3831,19,4
3832,19,4
3833,19,4
3834,19,4
3835,19,4
3836,19,4
3837,19,4
3838,19,4
3839,19,4
3840,19,4
3841,19,4
3842,19,4
3843,19,4
3844,19,4
3845,19,4
3846,19,4
3847,19,4
3848,19,4
3849,19,4
3850,19,4
3851,19,4
3852,19,4
3853,19,4
3854,19,4
3855,19,4
3856,19,4
3857,19,4
3858,19,4
3859,19,4
3860,19,4
3861,19,6
3862,19,6
3863,19,6
3864,19,6
3865,19,6
3866,19,6
3867,19,6
3868,19,6
3869,19,6
3870,19,6
3871,19,6
3872,19,6
3873,19,6
3874,19,6
3875,19,6
3876,19,6
3877,19,6
3878,19,6
3879,19,6
3880,19,6
3881,19,6
3882,19,6
3883,19,6
3884,19,6
3885,19,6
3886,19,6
3887,19,6
3888,19,6
3889,19,6
3890,19,6
3891,19,6
3892,19,6
3893,19,6
3894,19,6
3895,19,6
3896,19,6
3897,19,6
3898,19,6
3899,19,6
3900,19,6
3901,19,6
3902,19,6
3903,19,1
3904,19,1
3905,19,1
3906,19,1
3907,19,1
3908,19,1
3909,19,1
3910,19,1
3911,19,1
3912,19,1
3913,19,1
3914,19,1
3915,19,1
3916,19,1
3917,19,1
3918,19,1
3919,19,1
3920,19,1
3921,19,1
3922,19,1
3923,19,1
3924,19,1
3925,19,1
3926,19,1
3927,19,1
3928,19,3
3929,19,3
3930,19,3
3931,19,3
3932,19,3
3933,19,3
3934,19,3
3935,19,3
3936,19,3
3937,19,3
3938,19,3
3939,19,3
3940,19,2
3941,19,2
3942,19,2
3943,19,2
3944,19,2
3945,19,2
3946,19,2
3947,19,2
3948,19,2
3949,19,2
3950,19,2
3951,19,2
3952,19,2
3953,19,3
3954,19,3
3955,19,3
3956,19,3
3957,19,3
3958,19,3
3959,19,2
3960,19,2
3961,19,2
3962,19,2
3963,19,2
3964,19,2
3965,21,5
3966,21,5
3967,21,5
3968,21,5
3969,21,5
3970,21,5
3971,21,5
3972,21,5
3973,21,5
3974,21,5
3975,21,5
3976,21,5
3977,21,5
3978,21,5
3979,21,5
3980,21,5
3981,21,5
3982,21,5
3983,21,5
3984,21,5
3985,21,5
3986,21,5
3987,21,5
3988,21,5
3989,21,5
3990,21,5
3991,21,5
3992,21,5
3993,21,5
3994,21,5
3995,21,5
3996,21,5
3997,21,5
3998,21,5
3999,21,5
4000,21,5
4001,21,5
4002,21,5
4003,21,5
4004,21,5
4005,21,5
4006,21,5
4007,21,5
4008,21,5
4009,21,5
4010,21,4
4011,21,4
4012,21,4
4013,21,4
4014,21,4
4015,21,4
4016,21,4
4017,21,4
4018,21,4
4019,21,4
4020,21,4
4021,21,4
4022,21,4
4023,21,4
4024,21,4
4025,21,4
4026,21,4
4027,21,4
4028,21,4
4029,21,4
4030,21,4
4031,21,4
4032,21,4
4033,21,4
4034,21,4
4035,21,4
4036,21,4
4037,21,4
4038,21,4
4039,21,4
4040,21,4
4041,21,4
4042,21,4
4043,21,4
4044,21,4
4045,21,4
4046,21,4
4047,21,4
4048,21,4
4049,21,4
4050,21,4
4051,21,4
4052,21,4
4053,21,4
4054,21,4
4055,21,4
4056,21,4
4057,21,6
4058,21,6
4059,21,6
4060,21,6
4061,21,6
4062,21,6
4063,21,6
4064,21,6
4065,21,6
4066,21,6
4067,21,6
4068,21,6
4069,21,6
4070,21,6
4071,21,6
4072,21,6
4073,21,6
4074,21,6
4075,21,6
4076,21,6
4077,21,6
4078,21,6
4079,21,6
4080,21,6
4081,21,6
4082,21,6
4083,21,6
4084,21,6
4085,21,6
4086,21,6
4087,21,6
4088,21,6
4089,21,6
4090,21,6
4091,21,6
4092,21,6
4093,21,6
4094,21,6
4095,21,6
4096,21,6
4097,21,6
4098,21,6
4099,21,6
4100,21,6
4101,21,1
4102,21,1
4103,21,1
4104,21,1
4105,21,1
4106,21,1
4107,21,1
4108,21,1
4109,21,1
4110,21,1
4111,21,1
4112,21,1
4113,21,1
4114,21,1
4115,21,1
4116,21,1
4117,21,1
4118,21,1
4119,21,1
4120,21,1
4121,21,1
4122,21,1
4123,21,1
4124,21,1
4125,21,1
4126,21,1
4127,21,1
4128,21,3
4129,21,3
4130,21,3
4131,21,3
4132,21,3
4133,21,3
4134,21,3
4135,21,3
4136,21,3
4137,21,3
4138,21,3
4139,21,3
4140,21,3
4141,21,3
4142,21,3
4143,21,2
4144,21,2
4145,21,2
4146,21,2
4147,21,2
4148,21,2
4149,21,2
4150,21,2
4151,21,2
4152,21,2
4153,21,2
4154,21,2
4155,21,2
4156,21,2
4157,21,2
4158,21,2
4159,21,2
4160,21,3
4161,21,3
4162,21,3
4163,21,3
4164,21,3
4165,21,3
4166,21,3
4167,21,3
4168,21,2
4169,21,2
4170,21,2
4171,21,2
4172,21,2
4173,21,2
4174,21,2
4175,21,2
4176,21,5
4177,21,5
4178,21,5
4179,21,5
4180,21,5
4181,21,5
4182,21,5
4183,21,5
4184,21,5
4185,21,5
4186,21,5
4187,21,5
4188,21,5
4189,21,5
4190,21,5
4191,21,5
4192,21,5
4193,21,5
4194,21,5
4195,21,5
4196,21,5
4197,21,5
4198,21,5
4199,21,5
4200,21,5
4201,21,5
4202,21,5
4203,21,5
4204,21,5
4205,21,5
4206,21,5
4207,21,5
4208,21,5
4209,21,5
4210,21,5
4211,21,5
4212,21,5
4213,21,5
4214,21,5
4215,21,5
4216,21,5
4217,21,5
4218,21,5
4219,21,5
4220,21,4
4221,21,4
4222,21,4
4223,21,4
4224,21,4
4225,21,4
4226,21,4
4227,21,4
4228,21,4
4229,21,4
4230,21,4
4231,21,4
4232,21,4
4233,21,4
4234,21,4
4235,21,4
4236,21,4
4237,21,4
4238,21,4
4239,21,4
4240,21,4
4241,21,4
4242,21,4
4243,21,4
4244,21,4
4245,21,4
4246,21,4
4247,21,4
4248,21,4
4249,21,4
4250,21,4
4251,21,4
4252,21,4
4253,21,4
4254,21,4
4255,21,4
4256,21,4
4257,21,4
4258,21,6
4259,21,6
4260,21,6
4261,21,6
4262,21,6
4263,21,6
4264,21,6
4265,21,6
4266,21,6
4267,21,6
4268,21,6
4269,21,6
4270,21,6
4271,21,6
4272,21,6
4273,21,6
4274,21,6
4275,21,6
4276,21,6
4277,21,6
4278,21,6
4279,21,6
4280,21,6
4281,21,6
4282,21,6
4283,21,6
4284,21,6
4285,21,6
4286,21,6
4287,21,6
4288,21,6
4289,21,6
4290,21,6
4291,21,6
4292,21,6
4293,21,6
4294,21,6
4295,21,6
4296,21,6
4297,21,6
4298,21,6
4299,21,6
4300,21,6
4301,21,6
4302,21,6
4303,21,6
4304,21,1
4305,21,1
4306,21,1
4307,21,1
4308,21,1
4309,21,1
4310,21,1
4311,21,1
4312,21,1
4313,21,1
4314,21,1
4315,21,1
4316,21,1
4317,21,1
4318,21,1
4319,21,1
4320,21,1
4321,21,1
4322,21,1
4323,21,1
4324,21,1
4325,21,1
4326,21,1
4327,21,1
4328,21,1
4329,21,3
4330,21,3
4331,21,3
4332,21,3
4333,21,3
4334,21,3
4335,21,3
4336,21,3
4337,21,3
4338,21,3
4339,21,3
4340,21,3
4341,21,3
4342,21,3
4343,21,3
4344,21,2
4345,21,2
4346,21,2
4347,21,2
4348,21,2
4349,21,2
4350,21,2
4351,21,2
4352,21,2
4353,21,2
4354,21,2
4355,21,2
4356,21,2
4357,21,2
4358,21,2
4359,21,3
4360,21,3
4361,21,3
4362,21,3
4363,21,3
4364,21,3
4365,21,3
4366,21,2
4367,21,2
4368,21,2
4369,21,2
4370,21,2
4371,21,2
4372,21,2
4373,22,5
4374,22,5
4375,22,5
4376,22,5
4377,22,5
4378,22,5
4379,22,5
4380,22,5
4381,22,5
4382,22,5
4383,22,5
4384,22,5
4385,22,5
4386,22,5
4387,22,5
4388,22,5
4389,22,5
4390,22,5
4391,22,5
4392,22,5
4393,22,5
4394,22,5
4395,22,5
4396,22,5
4397,22,5
4398,22,5
4399,22,5
4400,22,5
4401,22,5
4402,22,5
4403,22,4
4404,22,4
4405,22,4
4406,22,4
4407,22,4
4408,22,4
4409,22,4
4410,22,4
4411,22,4
4412,22,4
4413,22,4
4414,22,4
4415,22,4
4416,22,4
4417,22,4
4418,22,4
4419,22,4
4420,22,4
4421,22,4
4422,22,4
4423,22,4
4424,22,4
4425,22,4
4426,22,4
4427,22,4
4428,22,4
4429,22,4
4430,22,4
4431,22,4
4432,22,4
4433,22,4
4434,22,4
4435,22,6
4436,22,6
4437,22,6
4438,22,6
4439,22,6
4440,22,6
4441,22,6
4442,22,6
4443,22,6
4444,22,6
4445,22,6
4446,22,6
4447,22,6
4448,22,6
4449,22,6
4450,22,6
4451,22,6
4452,22,6
4453,22,6
4454,22,6
4455,22,6
4456,22,6
4457,22,6
4458,22,6
4459,22,6
4460,22,6
4461,22,6
4462,22,6
4463,22,6
4464,22,6
4465,22,6
4466,22,6
4467,22,6
4468,22,6
4469,22,6
4470,22,6
4471,22,6
4472,22,1
4473,22,1
4474,22,1
4475,22,1
4476,22,1
4477,22,1
4478,22,1
4479,22,1
4480,22,1
4481,22,1
4482,22,1
4483,22,1
4484,22,1
4485,22,1
4486,22,1
4487,22,1
4488,22,1
4489,22,1
4490,22,1
4491,22,1
4492,22,1
4493,22,1
4494,22,1
4495,22,3
4496,22,3
4497,22,3
4498,22,3
4499,22,3
4500,22,3
4501,22,3
4502,22,3
4503,22,3
4504,22,3
4505,22,3
4506,22,3
4507,22,2
4508,22,2
4509,22,2
4510,22,2
4511,22,2
4512,22,2
4513,22,2
4514,22,2
4515,22,2
4516,22,2
4517,22,2
4518,22,2
4519,22,2
4520,22,2
4521,22,3
4522,22,3
4523,22,3
4524,22,3
4525,22,3
4526,22,3
4527,22,2
4528,22,2
4529,22,2
4530,22,2
4531,22,2
4532,22,2
4533,22,2
4534,22,5
4535,22,5
4536,22,5
4537,22,5
4538,22,5
4539,22,5
4540,22,5
4541,22,5
4542,22,5
4543,22,5
4544,22,5
4545,22,5
4546,22,5
4547,22,5
4548,22,5
4549,22,5
4550,22,5
4551,22,5
4552,22,5
4553,22,5
4554,22,5
4555,22,5
4556,22,5
4557,22,5
4558,22,5
4559,22,5
4560,22,5
4561,22,5
4562,22,5
4563,22,5
4564,22,5
4565,22,5
4566,22,5
4567,22,4
4568,22,4
4569,22,4
4570,22,4
4571,22,4
4572,22,4
4573,22,4
4574,22,4
4575,22,4
4576,22,4
4577,22,4
4578,22,4
4579,22,4
4580,22,4
4581,22,4
4582,22,4
4583,22,4
4584,22,4
4585,22,4
4586,22,4
4587,22,4
4588,22,4
4589,22,4
4590,22,4
4591,22,4
4592,22,4
4593,22,4
4594,22,4
4595,22,4
4596,22,4
4597,22,6
4598,22,6
4599,22,6
4600,22,6
4601,22,6
4602,22,6
4603,22,6
4604,22,6
4605,22,6
4606,22,6
4607,22,6
4608,22,6
4609,22,6
4610,22,6
4611,22,6
4612,22,6
4613,22,6
4614,22,6
4615,22,6
4616,22,6
4617,22,6
4618,22,6
4619,22,6
4620,22,6
4621,22,6
4622,22,6
4623,22,6
4624,22,6
4625,22,6
4626,22,6
4627,22,6
4628,22,6
4629,22,6
4630,22,6
4631,22,6
4632,22,1
4633,22,1
4634,22,1
4635,22,1
4636,22,1
4637,22,1
4638,22,1
4639,22,1
4640,22,1
4641,22,1
4642,22,1
4643,22,1
4644,22,1
4645,22,1
4646,22,1
4647,22,1
4648,22,1
4649,22,1
4650,22,1
4651,22,1
4652,22,1
4653,22,1
4654,22,1
4655,22,3
4656,22,3
4657,22,3
4658,22,3
4659,22,3
4660,22,3
4661,22,3
4662,22,3
4663,22,3
4664,22,3
4665,22,3
4666,22,3
4667,22,3
4668,22,3
4669,22,3
4670,22,3
4671,22,3
4672,22,3
4673,22,2
4674,22,2
4675,22,2
4676,22,2
4677,22,2
4678,22,2
4679,22,2
4680,22,2
4681,22,2
4682,22,2
4683,22,2
4684,22,2
4685,22,2
4686,22,2
4687,22,2
4688,22,2
4689,22,2
4690,22,2
4691,22,2
4692,22,2
4693,22,2
4694,23,5
4695,23,5
4696,23,5
4697,23,5
4698,23,5
4699,23,5
4700,23,5
4701,23,5
4702,23,5
4703,23,5
4704,23,5
4705,23,5
4706,23,5
4707,23,5
4708,23,5
4709,23,5
4710,23,5
4711,23,5
4712,23,5
4713,23,5
4714,23,5
4715,23,5
4716,23,5
4717,23,5
4718,23,5
4719,23,5
4720,23,5
4721,23,5
4722,23,5
4723,23,5
4724,23,5
4725,23,5
4726,23,5
4727,23,4
4728,23,4
4729,23,4
4730,23,4
4731,23,4
4732,23,4
4733,23,4
4734,23,4
4735,23,4
4736,23,4
4737,23,4
4738,23,4
4739,23,4
4740,23,4
4741,23,4
4742,23,4
4743,23,4
4744,23,4
4745,23,4
4746,23,4
4747,23,4
4748,23,4
4749,23,4
4750,23,4
4751,23,4
4752,23,4
4753,23,4
4754,23,4
4755,23,4
4756,23,4
4757,23,4
4758,23,4
4759,23,4
4760,23,4
4761,23,4
4762,23,4
4763,23,4
4764,23,4
4765,23,6
4766,23,6
4767,23,6
4768,23,6
4769,23,6
4770,23,6
4771,23,6
4772,23,6
4773,23,6
4774,23,6
4775,23,6
4776,23,6
4777,23,6
4778,23,6
4779,23,6
4780,23,6
4781,23,6
4782,23,6
4783,23,6
4784,23,6
4785,23,6
4786,23,6
4787,23,6
4788,23,6
4789,23,6
4790,23,6
4791,23,6
4792,23,6
4793,23,6
4794,23,6
4795,23,6
4796,23,6
4797,23,6
4798,23,1
4799,23,1
4800,23,1
4801,23,1
4802,23,1
4803,23,1
4804,23,1
4805,23,1
4806,23,1
4807,23,1
4808,23,1
4809,23,1
4810,23,1
4811,23,1
4812,23,1
4813,23,1
4814,23,1
4815,23,1
4816,23,1
4817,23,1
4818,23,1
4819,23,1
4820,23,1
4821,23,1
4822,23,1
4823,23,1
4824,23,1
4825,23,1
4826,23,1
4827,23,1
4828,23,3
4829,23,3
4830,23,3
4831,23,3
4832,23,3
4833,23,3
4834,23,3
4835,23,3
4836,23,3
4837,23,2
4838,23,2
4839,23,2
4840,23,2
4841,23,2
4842,23,2
4843,23,2
4844,23,2
4845,23,2
4846,23,3
4847,23,3
4848,23,3
4849,23,3
4850,23,3
4851,23,3
4852,23,3
4853,23,3
4854,23,3
4855,23,2
4856,23,2
4857,23,2
4858,23,2
4859,23,2
4860,23,2
4861,23,2
4862,23,2
4863,23,3
4864,23,3
4865,23,3
4866,23,3
4867,23,3
4868,23,3
4869,23,3
4870,23,3
4871,23,3
4872,23,2
4873,23,2
4874,23,2
4875,23,2
4876,23,2
4877,23,2
4878,23,2
4879,23,2
4880,23,5
4881,23,5
4882,23,5
4883,23,5
4884,23,5
4885,23,5
4886,23,5
4887,23,5
4888,23,5
4889,23,5
4890,23,5
4891,23,5
4892,23,5
4893,23,5
4894,23,5
4895,23,5
4896,23,5
4897,23,5
4898,23,5
4899,23,5
4900,23,5
4901,23,5
4902,23,5
4903,23,5
4904,23,5
4905,23,5
4906,23,5
4907,23,5
4908,23,5
4909,23,5
4910,23,5
4911,23,5
4912,23,5
4913,23,5
4914,23,5
4915,23,4
4916,23,4
4917,23,4
4918,23,4
4919,23,4
4920,23,4
4921,23,4
4922,23,4
4923,23,4
4924,23,4
4925,23,4
4926,23,4
4927,23,4
4928,23,4
4929,23,4
4930,23,4
4931,23,4
4932,23,4
4933,23,4
4934,23,4
4935,23,4
4936,23,4
4937,23,4
4938,23,4
4939,23,4
4940,23,4
4941,23,4
4942,23,4
4943,23,4
4944,23,4
4945,23,6
4946,23,6
4947,23,6
4948,23,6
4949,23,6
4950,23,6
4951,23,6
4952,23,6
4953,23,6
4954,23,6
4955,23,6
4956,23,6
4957,23,6
4958,23,6
4959,23,6
4960,23,6
4961,23,6
4962,23,6
4963,23,6
4964,23,6
4965,23,6
4966,23,6
4967,23,6
4968,23,6
4969,23,6
4970,23,6
4971,23,6
4972,23,6
4973,23,6
4974,23,6
4975,23,6
4976,23,6
4977,23,6
4978,23,6
4979,23,6
4980,23,6
4981,23,6
4982,23,6
4983,23,6
4984,23,1
4985,23,1
4986,23,1
4987,23,1
4988,23,1
4989,23,1
4990,23,1
4991,23,1
4992,23,1
4993,23,1
4994,23,1
4995,23,1
4996,23,1
4997,23,1
4998,23,1
4999,23,1
5000,23,1
5001,23,1
5002,23,1
5003,23,1
5004,23,1
5005,23,1
5006,23,1
5007,23,1
5008,23,1
5009,23,1
5010,23,1
5011,23,1
5012,23,1
5013,23,3
5014,23,3
5015,23,3
5016,23,3
5017,23,3
5018,23,3
5019,23,3
5020,23,3
5021,23,3
5022,23,3
5023,23,3
5024,23,3
5025,23,3
5026,23,3
5027,23,3
5028,23,3
5029,23,3
5030,23,3
5031,23,3
5032,23,3
5033,23,3
5034,23,3
5035,23,3
5036,23,3
5037,23,3
5038,23,3
5039,23,3
5040,23,2
5041,23,2
5042,23,2
5043,23,2
5044,23,2
5045,23,2
5046,23,2
5047,23,2
5048,23,2
5049,23,2
5050,23,2
5051,23,2
5052,23,2
5053,23,2
5054,23,2
5055,23,2
5056,23,2
5057,23,2
5058,23,2
5059,23,2
5060,23,2
5061,23,2
5062,23,2
5063,23,2
5064,23,2
5065,23,2
5066,25,5
5067,25,5
5068,25,5
5069,25,5
5070,25,5
5071,25,5
5072,25,5
5073,25,5
5074,25,5
5075,25,5
5076,25,5
5077,25,5
5078,25,5
5079,25,5
5080,25,5
5081,25,5
5082,25,5
5083,25,5
5084,25,5
5085,25,5
5086,25,5
5087,25,5
5088,25,5
5089,25,5
5090,25,5
5091,25,5
5092,25,5
5093,25,5
5094,25,5
5095,25,5
5096,25,5
5097,25,5
5098,25,5
5099,25,5
5100,25,5
5101,25,5
5102,25,5
5103,25,4
5104,25,4
5105,25,4
5106,25,4
5107,25,4
5108,25,4
5109,25,4
5110,25,4
5111,25,4
5112,25,4
5113,25,4
5114,25,4
5115,25,4
5116,25,4
5117,25,4
5118,25,4
5119,25,4
5120,25,4
5121,25,4
5122,25,4
5123,25,4
5124,25,4
5125,25,4
5126,25,4
5127,25,4
5128,25,4
5129,25,4
5130,25,4
5131,25,4
5132,25,4
5133,25,4
5134,25,4
5135,25,4
5136,25,4
5137,25,6
5138,25,6
5139,25,6
5140,25,6
5141,25,6
5142,25,6
5143,25,6
5144,25,6
5145,25,6
5146,25,6
5147,25,6
5148,25,6
5149,25,6
5150,25,6
5151,25,6
5152,25,6
5153,25,6
5154,25,6
5155,25,6
5156,25,6
5157,25,6
5158,25,6
5159,25,6
5160,25,6
5161,25,6
5162,25,6
5163,25,6
5164,25,6
5165,25,6
5166,25,6
5167,25,6
5168,25,6
5169,25,6
5170,25,1
5171,25,1
5172,25,1
5173,25,1
5174,25,1
5175,25,1
5176,25,1
5177,25,1
5178,25,1
5179,25,1
5180,25,1
5181,25,1
5182,25,1
5183,25,1
5184,25,1
5185,25,1
5186,25,1
5187,25,1
5188,25,1
5189,25,1
5190,25,1
5191,25,1
5192,25,1
5193,25,1
5194,25,1
5195,25,1
5196,25,1
5197,25,1
5198,25,1
5199,25,1
5200,25,1
5201,25,1
5202,25,1
5203,25,1
5204,25,1
5205,25,1
5206,25,3
5207,25,3
5208,25,3
5209,25,3
5210,25,3
5211,25,3
5212,25,3
5213,25,3
5214,25,3
5215,25,3
5216,25,3
5217,25,3
5218,25,3
5219,25,3
5220,25,3
5221,25,3
5222,25,3
5223,25,3
5224,25,3
5225,25,3
5226,25,3
5227,25,3
5228,25,3
5229,25,3
5230,25,3
5231,25,3
5232,25,3
5233,25,3
5234,25,3
5235,25,3
5236,25,2
5237,25,2
5238,25,2
5239,25,2
5240,25,2
5241,25,2
5242,25,2
5243,25,2
5244,25,2
5245,25,2
5246,25,2
5247,25,2
5248,25,2
5249,25,2
5250,25,2
5251,25,2
5252,25,2
5253,25,2
5254,25,2
5255,25,2
5256,25,2
5257,25,2
5258,25,2
5259,25,2
5260,25,2
5261,25,2
5262,25,2
5263,25,2
5264,25,2
5265,25,2
5266,25,2
5267,25,2
5268,25,2
5269,25,2
5270,25,2
5271,25,5
5272,25,5
5273,25,5
5274,25,5
5275,25,5
5276,25,5
5277,25,5
5278,25,5
5279,25,5
5280,25,5
5281,25,5
5282,25,5
5283,25,5
5284,25,5
5285,25,5
5286,25,5
5287,25,5
5288,25,5
5289,25,5
5290,25,5
5291,25,5
5292,25,5
5293,25,5
5294,25,5
5295,25,5
5296,25,5
5297,25,5
5298,25,5
5299,25,5
5300,25,5
5301,25,5
5302,25,5
5303,25,5
5304,25,5
5305,25,5
5306,25,5
5307,25,5
5308,25,4
5309,25,4
5310,25,4
5311,25,4
5312,25,4
5313,25,4
5314,25,4
5315,25,4
5316,25,4
5317,25,4
5318,25,4
5319,25,4
5320,25,4
5321,25,4
5322,25,4
5323,25,4
5324,25,4
5325,25,4
5326,25,4
5327,25,4
5328,25,4
5329,25,4
5330,25,4
5331,25,4
5332,25,4
5333,25,4
5334,25,4
5335,25,4
5336,25,4
5337,25,4
5338,25,4
5339,25,6
5340,25,6
5341,25,6
5342,25,6
5343,25,6
5344,25,6
5345,25,6
5346,25,6
5347,25,6
5348,25,6
5349,25,6
5350,25,6
5351,25,6
5352,25,6
5353,25,6
5354,25,6
5355,25,6
5356,25,6
5357,25,6
5358,25,6
5359,25,6
5360,25,6
5361,25,6
5362,25,6
5363,25,6
5364,25,6
5365,25,6
5366,25,6
5367,25,6
5368,25,6
5369,25,6
5370,25,6
5371,25,6
5372,25,6
5373,25,6
5374,25,6
5375,25,6
5376,25,6
5377,25,6
5378,25,6
5379,25,1
5380,25,1
5381,25,1
5382,25,1
5383,25,1
5384,25,1
5385,25,1
5386,25,1
5387,25,1
5388,25,1
5389,25,1
5390,25,1
5391,25,1
5392,25,1
5393,25,1
5394,25,1
5395,25,1
5396,25,1
5397,25,1
5398,25,1
5399,25,1
5400,25,1
5401,25,1
5402,25,1
5403,25,1
5404,25,1
5405,25,1
5406,25,1
5407,25,1
5408,25,1
5409,25,1
5410,25,1
5411,25,1
5412,25,1
5413,25,1
5414,25,1
5415,25,1
5416,25,1
5417,25,3
5418,25,3
5419,25,3
5420,25,3
5421,25,3
5422,25,3
5423,25,3
5424,25,3
5425,25,3
5426,25,3
5427,25,3
5428,25,3
5429,25,3
5430,25,3
5431,25,3
5432,25,3
5433,25,3
5434,25,3
5435,25,3
5436,25,3
5437,25,3
5438,25,3
5439,25,3
5440,25,3
5441,25,3
5442,25,3
5443,25,3
5444,25,3
5445,25,2
5446,25,2
5447,25,2
5448,25,2
5449,25,2
5450,25,2
5451,25,2
5452,25,2
5453,25,2
5454,25,2
5455,25,2
5456,25,2
5457,25,2
5458,25,2
5459,25,2
5460,25,2
5461,25,2
5462,25,2
5463,25,2
5464,25,2
5465,25,2
5466,25,2
5467,25,2
5468,25,2
5469,25,2
5470,25,2
5471,25,2
5472,25,2
5473,25,2
5474,25,2
5475,26,5
5476,26,5
5477,26,5
5478,26,5
5479,26,5
5480,26,5
5481,26,5
5482,26,5
5483,26,5
5484,26,5
5485,26,5
5486,26,5
5487,26,5
5488,26,5
5489,26,5
5490,26,5
5491,26,5
5492,26,5
5493,26,5
5494,26,5
5495,26,5
5496,26,5
5497,26,5
5498,26,5
5499,26,5
5500,26,5
5501,26,5
5502,26,5
5503,26,5
5504,26,5
5505,26,5
5506,26,5
5507,26,5
5508,26,5
5509,26,5
5510,26,5
5511,26,5
5512,26,5
5513,26,4
5514,26,4
5515,26,4
5516,26,4
5517,26,4
5518,26,4
5519,26,4
5520,26,4
5521,26,4
5522,26,4
5523,26,4
5524,26,4
5525,26,4
5526,26,4
5527,26,4
5528,26,4
5529,26,4
5530,26,4
5531,26,4
5532,26,4
5533,26,4
5534,26,4
5535,26,4
5536,26,4
5537,26,4
5538,26,4
5539,26,4
5540,26,4
5541,26,4
5542,26,4
5543,26,4
5544,26,4
5545,26,4
5546,26,4
5547,26,4
5548,26,4
5549,26,4
5550,26,4
5551,26,4
5552,26,4
5553,26,4
5554,26,4
5555,26,4
5556,26,4
5557,26,6
5558,26,6
5559,26,6
5560,26,6
5561,26,6
5562,26,6
5563,26,6
5564,26,6
5565,26,6
5566,26,6
5567,26,6
5568,26,6
5569,26,6
5570,26,6
5571,26,6
5572,26,6
5573,26,6
5574,26,6
5575,26,6
5576,26,6
5577,26,6
5578,26,6
5579,26,6
5580,26,6
5581,26,6
5582,26,6
5583,26,6
5584,26,6
5585,26,6
5586,26,6
5587,26,6
5588,26,6
5589,26,6
5590,26,6
5591,26,1
5592,26,1
5593,26,1
5594,26,1
5595,26,1
5596,26,1
5597,26,1
5598,26,1
5599,26,1
5600,26,1
5601,26,1
5602,26,1
5603,26,1
5604,26,1
5605,26,1
5606,26,1
5607,26,1
5608,26,1
5609,26,1
5610,26,1
5611,26,1
5612,26,1
5613,26,1
5614,26,1
5615,26,1
5616,26,1
5617,26,1
5618,26,1
5619,26,3
5620,26,3
5621,26,3
5622,26,3
5623,26,3
5624,26,3
5625,26,3
5626,26,3
5627,26,3
5628,26,3
5629,26,3
5630,26,3
5631,26,3
5632,26,3
5633,26,3
5634,26,3
5635,26,3
5636,26,3
5637,26,3
5638,26,3
5639,26,3
5640,26,3
5641,26,3
5642,26,3
5643,26,3
5644,26,2
5645,26,2
5646,26,2
5647,26,2
5648,26,2
5649,26,2
5650,26,2
5651,26,2
5652,26,2
5653,26,2
5654,26,2
5655,26,2
5656,26,2
5657,26,2
5658,26,2
5659,26,2
5660,26,2
5661,26,2
5662,26,2
5663,26,2
5664,26,2
5665,26,2
5666,26,2
5667,26,2
5668,26,2
5669,26,2
5670,26,2
5671,26,2
5672,26,5
5673,26,5
5674,26,5
5675,26,5
5676,26,5
5677,26,5
5678,26,5
5679,26,5
5680,26,5
5681,26,5
5682,26,5
5683,26,5
5684,26,5
5685,26,5
5686,26,5
5687,26,5
5688,26,5
5689,26,5
5690,26,5
5691,26,5
5692,26,5
5693,26,5
5694,26,5
5695,26,5
5696,26,5
5697,26,5
5698,26,5
5699,26,5
5700,26,5
5701,26,5
5702,26,5
5703,26,5
5704,26,5
5705,26,5
5706,26,5
5707,26,5
5708,26,4
5709,26,4
5710,26,4
5711,26,4
5712,26,4
5713,26,4
5714,26,4
5715,26,4
5716,26,4
5717,26,4
5718,26,4
5719,26,4
5720,26,4
5721,26,4
5722,26,4
5723,26,4
5724,26,4
5725,26,4
5726,26,4
5727,26,4
5728,26,4
5729,26,4
5730,26,4
5731,26,4
5732,26,4
5733,26,4
5734,26,4
5735,26,4
5736,26,4
5737,26,4
5738,26,4
5739,26,4
5740,26,4
5741,26,4
5742,26,6
5743,26,6
5744,26,6
5745,26,6
5746,26,6
5747,26,6
5748,26,6
5749,26,6
5750,26,6
5751,26,6
5752,26,6
5753,26,6
5754,26,6
5755,26,6
5756,26,6
5757,26,6
5758,26,6
5759,26,6
5760,26,6
5761,26,6
5762,26,6
5763,26,6
5764,26,6
5765,26,6
5766,26,6
5767,26,6
5768,26,6
5769,26,6
5770,26,6
5771,26,6
5772,26,6
5773,26,6
5774,26,6
5775,26,6
5776,26,6
5777,26,6
5778,26,6
5779,26,6
5780,26,6
5781,26,6
5782,26,6
5783,26,6
5784,26,1
5785,26,1
5786,26,1
5787,26,1
5788,26,1
5789,26,1
5790,26,1
5791,26,1
5792,26,1
5793,26,1
5794,26,1
5795,26,1
5796,26,1
5797,26,1
5798,26,1
5799,26,1
5800,26,1
5801,26,1
5802,26,1
5803,26,1
5804,26,1
5805,26,1
5806,26,1
5807,26,1
5808,26,1
5809,26,1
5810,26,1
5811,26,1
5812,26,1
5813,26,1
5814,26,1
5815,26,3
5816,26,3
5817,26,3
5818,26,3
5819,26,3
5820,26,3
5821,26,3
5822,26,3
5823,26,3
5824,26,3
5825,26,3
5826,26,3
5827,26,3
5828,26,3
5829,26,3
5830,26,3
5831,26,3
5832,26,2
5833,26,2
5834,26,2
5835,26,2
5836,26,2
5837,26,2
5838,26,2
5839,26,2
5840,26,2
5841,26,2
5842,26,2
5843,26,2
5844,26,2
5845,26,2
5846,26,2
5847,26,2
5848,26,2
5849,26,2
5850,26,3
5851,26,3
5852,26,3
5853,26,3
5854,26,3
5855,26,3
5856,26,3
5857,26,3
5858,26,2
5859,26,2
5860,26,2
5861,26,2
5862,26,2
5863,26,2
5864,26,2
5865,26,2
5866,26,2
5867,27,5
5868,27,5
5869,27,5
5870,27,5
5871,27,5
5872,27,5
5873,27,5
5874,27,5
5875,27,5
5876,27,5
5877,27,5
5878,27,5
5879,27,5
5880,27,5
5881,27,5
5882,27,5
5883,27,5
5884,27,5
5885,27,5
5886,27,5
5887,27,5
5888,27,5
5889,27,5
5890,27,5
5891,27,5
5892,27,5
5893,27,5
5894,27,5
5895,27,5
5896,27,5
5897,27,5
5898,27,5
5899,27,5
5900,27,5
5901,27,5
5902,27,5
5903,27,4
5904,27,4
5905,27,4
5906,27,4
5907,27,4
5908,27,4
5909,27,4
5910,27,4
5911,27,4
5912,27,4
5913,27,4
5914,27,4
5915,27,4
5916,27,4
5917,27,4
5918,27,4
5919,27,4
5920,27,4
5921,27,4
5922,27,4
5923,27,4
5924,27,4
5925,27,4
5926,27,4
5927,27,4
5928,27,4
5929,27,4
5930,27,4
5931,27,4
5932,27,4
5933,27,4
5934,27,4
5935,27,4
5936,27,4
5937,27,4
5938,27,4
5939,27,4
5940,27,6
5941,27,6
5942,27,6
5943,27,6
5944,27,6
5945,27,6
5946,27,6
5947,27,6
5948,27,6
5949,27,6
5950,27,6
5951,27,6
5952,27,6
5953,27,6
5954,27,6
5955,27,6
5956,27,6
5957,27,6
5958,27,6
5959,27,6
5960,27,6
5961,27,6
5962,27,6
5963,27,6
5964,27,6
5965,27,6
5966,27,6
5967,27,6
5968,27,6
5969,27,6
5970,27,6
5971,27,6
5972,27,6
5973,27,6
5974,27,6
5975,27,6
5976,27,1
5977,27,1
5978,27,1
5979,27,1
5980,27,1
5981,27,1
5982,27,1
5983,27,1
5984,27,1
5985,27,1
5986,27,1
5987,27,1
5988,27,1
5989,27,1
5990,27,1
5991,27,1
5992,27,1
5993,27,1
5994,27,1
5995,27,1
5996,27,1
5997,27,1
5998,27,1
5999,27,1
6000,27,1
6001,27,1
6002,27,1
6003,27,1
6004,27,3
6005,27,3
6006,27,3
6007,27,3
6008,27,3
6009,27,3
6010,27,3
6011,27,3
6012,27,3
6013,27,3
6014,27,3
6015,27,3
6016,27,3
6017,27,3
6018,27,3
6019,27,3
6020,27,3
6021,27,3
6022,27,3
6023,27,3
6024,27,3
6025,27,3
6026,27,2
6027,27,2
6028,27,2
6029,27,2
6030,27,2
6031,27,2
6032,27,2
6033,27,2
6034,27,2
6035,27,2
6036,27,2
6037,27,2
6038,27,2
6039,27,2
6040,27,2
6041,27,2
6042,27,2
6043,27,2
6044,27,2
6045,27,2
6046,27,2
6047,27,2
6048,27,2
6049,27,2
6050,27,2
6051,27,5
6052,27,5
6053,27,5
6054,27,5
6055,27,5
6056,27,5
6057,27,5
6058,27,5
6059,27,5
6060,27,5
6061,27,5
6062,27,5
6063,27,5
6064,27,5
6065,27,5
6066,27,5
6067,27,5
6068,27,5
6069,27,5
6070,27,5
6071,27,5
6072,27,5
6073,27,5
6074,27,5
6075,27,5
6076,27,5
6077,27,5
6078,27,5
6079,27,5
6080,27,5
6081,27,5
6082,27,5
6083,27,5
6084,27,5
6085,27,5
6086,27,5
6087,27,5
6088,27,5
6089,27,5
6090,27,5
6091,27,5
6092,27,5
6093,27,5
6094,27,5
6095,27,4
6096,27,4
6097,27,4
6098,27,4
6099,27,4
6100,27,4
6101,27,4
6102,27,4
6103,27,4
6104,27,4
6105,27,4
6106,27,4
6107,27,4
6108,27,4
6109,27,4
6110,27,4
6111,27,4
6112,27,4
6113,27,4
6114,27,4
6115,27,4
6116,27,4
6117,27,4
6118,27,4
6119,27,4
6120,27,4
6121,27,4
6122,27,4
6123,27,4
6124,27,4
6125,27,4
6126,27,4
6127,27,4
6128,27,6
6129,27,6
6130,27,6
6131,27,6
6132,27,6
6133,27,6
6134,27,6
6135,27,6
6136,27,6
6137,27,6
6138,27,6
6139,27,6
6140,27,6
6141,27,6
6142,27,6
6143,27,6
6144,27,6
6145,27,6
6146,27,6
6147,27,6
6148,27,6
6149,27,6
6150,27,6
6151,27,6
6152,27,6
6153,27,6
6154,27,6
6155,27,6
6156,27,6
6157,27,6
6158,27,6
6159,27,6
6160,27,6
6161,27,6
6162,27,6
6163,27,6
6164,27,6
6165,27,6
6166,27,1
6167,27,1
6168,27,1
6169,27,1
6170,27,1
6171,27,1
6172,27,1
6173,27,1
6174,27,1
6175,27,1
6176,27,1
6177,27,1
6178,27,1
6179,27,1
6180,27,1
6181,27,1
6182,27,1
6183,27,1
6184,27,1
6185,27,1
6186,27,1
6187,27,1
6188,27,1
6189,27,1
6190,27,1
6191,27,1
6192,27,1
6193,27,1
6194,27,1
6195,27,3
6196,27,3
6197,27,3
6198,27,3
6199,27,3
6200,27,3
6201,27,3
6202,27,3
6203,27,3
6204,27,3
6205,27,3
6206,27,3
6207,27,3
6208,27,3
6209,27,3
6210,27,3
6211,27,3
6212,27,3
6213,27,3
6214,27,3
6215,27,3
6216,27,3
6217,27,2
6218,27,2
6219,27,2
6220,27,2
6221,27,2
6222,27,2
6223,27,2
6224,27,2
6225,27,2
6226,27,2
6227,27,2
6228,27,2
6229,27,2
6230,27,2
6231,27,2
6232,27,2
6233,27,2
6234,27,2
6235,27,2
6236,27,2
6237,27,2
6238,27,2
6239,27,2
6240,27,2
6241,27,2
6242,27,2
6243,28,5
6244,28,5
6245,28,5
6246,28,5
6247,28,5
6248,28,5
6249,28,5
6250,28,5
6251,28,5
6252,28,5
6253,28,5
6254,28,5
6255,28,5
6256,28,5
6257,28,5
6258,28,5
6259,28,5
6260,28,5
6261,28,5
6262,28,5
6263,28,5
6264,28,5
6265,28,5
6266,28,5
6267,28,5
6268,28,5
6269,28,5
6270,28,5
6271,28,5
6272,28,5
6273,28,5
6274,28,5
6275,28,5
6276,28,5
6277,28,5
6278,28,5
6279,28,5
6280,28,5
6281,28,5
6282,28,5
6283,28,5
6284,28,5
6285,28,5
6286,28,4
6287,28,4
6288,28,4
6289,28,4
6290,28,4
6291,28,4
6292,28,4
6293,28,4
6294,28,4
6295,28,4
6296,28,4
6297,28,4
6298,28,4
6299,28,4
6300,28,4
6301,28,4
6302,28,4
6303,28,4
6304,28,4
6305,28,4
6306,28,4
6307,28,4
6308,28,4
6309,28,4
6310,28,4
6311,28,4
6312,28,4
6313,28,4
6314,28,4
6315,28,4
6316,28,4
6317,28,4
6318,28,4
6319,28,4
6320,28,4
6321,28,4
6322,28,4
6323,28,4
6324,28,4
6325,28,4
6326,28,4
6327,28,4
6328,28,4
6329,28,6
6330,28,6
6331,28,6
6332,28,6
6333,28,6
6334,28,6
6335,28,6
6336,28,6
6337,28,6
6338,28,6
6339,28,6
6340,28,6
6341,28,6
6342,28,6
6343,28,6
6344,28,6
6345,28,6
6346,28,6
6347,28,6
6348,28,6
6349,28,6
6350,28,6
6351,28,6
6352,28,6
6353,28,6
6354,28,6
6355,28,6
6356,28,6
6357,28,6
6358,28,6
6359,28,6
6360,28,6
6361,28,6
6362,28,6
6363,28,6
6364,28,6
6365,28,6
6366,28,6
6367,28,6
6368,28,6
6369,28,6
6370,28,6
6371,28,1
6372,28,1
6373,28,1
6374,28,1
6375,28,1
6376,28,1
6377,28,1
6378,28,1
6379,28,1
6380,28,1
6381,28,1
6382,28,1
6383,28,1
6384,28,1
6385,28,1
6386,28,1
6387,28,1
6388,28,1
6389,28,1
6390,28,1
6391,28,1
6392,28,1
6393,28,1
6394,28,1
6395,28,1
6396,28,1
6397,28,1
6398,28,1
6399,28,3
6400,28,3
6401,28,3
6402,28,3
6403,28,3
6404,28,3
6405,28,3
6406,28,3
6407,28,2
6408,28,2
6409,28,2
6410,28,2
6411,28,2
6412,28,2
6413,28,2
6414,28,2
6415,28,2
6416,28,3
6417,28,3
6418,28,3
6419,28,3
6420,28,3
6421,28,3
6422,28,3
6423,28,3
6424,28,3
6425,28,3
6426,28,3
6427,28,3
6428,28,3
6429,28,3
6430,28,3
6431,28,3
6432,28,2
6433,28,2
6434,28,2
6435,28,2
6436,28,2
6437,28,2
6438,28,2
6439,28,2
6440,28,2
6441,28,2
6442,28,2
6443,28,2
6444,28,2
6445,28,2
6446,28,2
6447,28,2
6448,28,2
6449,28,2
6450,28,2
6451,28,5
6452,28,5
6453,28,5
6454,28,5
6455,28,5
6456,28,5
6457,28,5
6458,28,5
6459,28,5
6460,28,5
6461,28,5
6462,28,5
6463,28,5
6464,28,5
6465,28,5
6466,28,5
6467,28,5
6468,28,5
6469,28,5
6470,28,5
6471,28,5
6472,28,5
6473,28,5
6474,28,5
6475,28,5
6476,28,5
6477,28,5
6478,28,5
6479,28,5
6480,28,5
6481,28,5
6482,28,5
6483,28,5
6484,28,5
6485,28,5
6486,28,5
6487,28,4
6488,28,4
6489,28,4
6490,28,4
6491,28,4
6492,28,4
6493,28,4
6494,28,4
6495,28,4
6496,28,4
6497,28,4
6498,28,4
6499,28,4
6500,28,4
6501,28,4
6502,28,4
6503,28,4
6504,28,4
6505,28,4
6506,28,4
6507,28,4
6508,28,4
6509,28,4
6510,28,4
6511,28,4
6512,28,4
6513,28,4
6514,28,4
6515,28,4
6516,28,6
6517,28,6
6518,28,6
6519,28,6
6520,28,6
6521,28,6
6522,28,6
6523,28,6
6524,28,6
6525,28,6
6526,28,6
6527,28,6
6528,28,6
6529,28,6
6530,28,6
6531,28,6
6532,28,6
6533,28,6
6534,28,6
6535,28,6
6536,28,6
6537,28,6
6538,28,6
6539,28,6
6540,28,6
6541,28,6
6542,28,6
6543,28,6
6544,28,6
6545,28,6
6546,28,6
6547,28,6
6548,28,6
6549,28,6
6550,28,6
6551,28,6
6552,28,6
6553,28,6
6554,28,1
6555,28,1
6556,28,1
6557,28,1
6558,28,1
6559,28,1
6560,28,1
6561,28,1
6562,28,1
6563,28,1
6564,28,1
6565,28,1
6566,28,1
6567,28,1
6568,28,1
6569,28,1
6570,28,1
6571,28,1
6572,28,1
6573,28,1
6574,28,1
6575,28,1
6576,28,1
6577,28,1
6578,28,1
6579,28,1
6580,28,3
6581,28,3
6582,28,3
6583,28,3
6584,28,3
6585,28,3
6586,28,3
6587,28,3
6588,28,3
6589,28,3
6590,28,3
6591,28,3
6592,28,3
6593,28,3
6594,28,3
6595,28,3
6596,28,3
6597,28,3
6598,28,3
6599,28,3
6600,28,3
6601,28,3
6602,28,2
6603,28,2
6604,28,2
6605,28,2
6606,28,2
6607,28,2
6608,28,2
6609,28,2
6610,28,2
6611,28,2
6612,28,2
6613,28,2
6614,28,2
6615,28,2
6616,28,2
6617,28,2
6618,28,2
6619,28,2
6620,28,2
6621,28,2
6622,28,2
6623,28,2
6624,28,2
6625,29,5
6626,29,5
6627,29,5
6628,29,5
6629,29,5
6630,29,5
6631,29,5
6632,29,5
6633,29,5
6634,29,5
6635,29,5
6636,29,5
6637,29,5
6638,29,5
6639,29,5
6640,29,5
6641,29,5
6642,29,5
6643,29,5
6644,29,5
6645,29,5
6646,29,5
6647,29,5
6648,29,5
6649,29,5
6650,29,5
6651,29,5
6652,29,5
6653,29,5
6654,29,5
6655,29,5
6656,29,4
6657,29,4
6658,29,4
6659,29,4
6660,29,4
6661,29,4
6662,29,4
6663,29,4
6664,29,4
6665,29,4
6666,29,4
6667,29,4
6668,29,4
6669,29,4
6670,29,4
6671,29,4
6672,29,4
6673,29,4
6674,29,4
6675,29,4
6676,29,4
6677,29,4
6678,29,4
6679,29,4
6680,29,4
6681,29,4
6682,29,4
6683,29,4
6684,29,6
6685,29,6
6686,29,6
6687,29,6
6688,29,6
6689,29,6
6690,29,6
6691,29,6
6692,29,6
6693,29,6
6694,29,6
6695,29,6
6696,29,6
6697,29,6
6698,29,6
6699,29,6
6700,29,6
6701,29,6
6702,29,6
6703,29,6
6704,29,6
6705,29,6
6706,29,6
6707,29,6
6708,29,6
6709,29,6
6710,29,6
6711,29,6
6712,29,6
6713,29,6
6714,29,6
6715,29,6
6716,29,6
6717,29,6
6718,29,6
6719,29,6
6720,29,6
6721,29,6
6722,29,6
6723,29,6
6724,29,1
6725,29,1
6726,29,1
6727,29,1
6728,29,1
6729,29,1
6730,29,1
6731,29,1
6732,29,1
6733,29,1
6734,29,1
6735,29,1
6736,29,1
6737,29,1
6738,29,1
6739,29,1
6740,29,1
6741,29,1
6742,29,1
6743,29,1
6744,29,1
6745,29,1
6746,29,1
6747,29,1
6748,29,1
6749,29,1
6750,29,3
6751,29,3
6752,29,3
6753,29,3
6754,29,3
6755,29,3
6756,29,3
6757,29,3
6758,29,3
6759,29,3
6760,29,3
6761,29,3
6762,29,3
6763,29,3
6764,29,3
6765,29,3
6766,29,3
6767,29,3
6768,29,3
6769,29,3
6770,29,3
6771,29,3
6772,29,3
6773,29,3
6774,29,2
6775,29,2
6776,29,2
6777,29,2
6778,29,2
6779,29,2
6780,29,2
6781,29,2
6782,29,2
6783,29,2
6784,29,2
6785,29,2
6786,29,2
6787,29,2
6788,29,2
6789,29,2
6790,29,2
6791,29,2
6792,29,2
6793,29,2
6794,29,2
6795,29,2
6796,29,2
6797,29,2
6798,29,2
6799,29,5
6800,29,5
6801,29,5
6802,29,5
6803,29,5
6804,29,5
6805,29,5
6806,29,5
6807,29,5
6808,29,5
6809,29,5
6810,29,5
6811,29,5
6812,29,5
6813,29,5
6814,29,5
6815,29,5
6816,29,5
6817,29,5
6818,29,5
6819,29,5
6820,29,5
6821,29,5
6822,29,5
6823,29,5
6824,29,5
6825,29,5
6826,29,5
6827,29,5
6828,29,5
6829,29,5
6830,29,5
6831,29,5
6832,29,5
6833,29,4
6834,29,4
6835,29,4
6836,29,4
6837,29,4
6838,29,4
6839,29,4
6840,29,4
6841,29,4
6842,29,4
6843,29,4
6844,29,4
6845,29,4
6846,29,4
6847,29,4
6848,29,4
6849,29,4
6850,29,4
6851,29,4
6852,29,4
6853,29,4
6854,29,4
6855,29,4
6856,29,4
6857,29,4
6858,29,4
6859,29,4
6860,29,4
6861,29,4
6862,29,4
6863,29,4
6864,29,4
6865,29,6
6866,29,6
6867,29,6
6868,29,6
6869,29,6
6870,29,6
6871,29,6
6872,29,6
6873,29,6
6874,29,6
6875,29,6
6876,29,6
6877,29,6
6878,29,6
6879,29,6
6880,29,6
6881,29,6
6882,29,6
6883,29,6
6884,29,6
6885,29,6
6886,29,6
6887,29,6
6888,29,6
6889,29,6
6890,29,6
6891,29,6
6892,29,6
6893,29,6
6894,29,1
6895,29,1
6896,29,1
6897,29,1
6898,29,1
6899,29,1
6900,29,1
6901,29,1
6902,29,1
6903,29,1
6904,29,1
6905,29,1
6906,29,1
6907,29,1
6908,29,1
6909,29,1
6910,29,1
6911,29,1
6912,29,1
6913,29,1
6914,29,1
6915,29,1
6916,29,1
6917,29,1
6918,29,1
6919,29,1
6920,29,1
6921,29,3
6922,29,3
6923,29,3
6924,29,3
6925,29,3
6926,29,3
6927,29,3
6928,29,3
6929,29,3
6930,29,3
6931,29,3
6932,29,3
6933,29,3
6934,29,3
6935,29,3
6936,29,3
6937,29,3
6938,29,3
6939,29,3
6940,29,3
6941,29,3
6942,29,3
6943,29,3
6944,29,3
6945,29,2
6946,29,2
6947,29,2
6948,29,2
6949,29,2
6950,29,2
6951,29,2
6952,29,2
6953,29,2
6954,29,2
6955,29,2
6956,29,2
6957,29,2
6958,29,2
6959,29,2
6960,29,2
6961,29,2
6962,29,2
6963,29,2
6964,29,2
6965,29,2
6966,29,2
6967,29,2
6968,29,2
6969,30,5
6970,30,5
6971,30,5
6972,30,5
6973,30,5
6974,30,5
6975,30,5
6976,30,5
6977,30,5
6978,30,5
6979,30,5
6980,30,5
6981,30,5
6982,30,5
6983,30,5
6984,30,5
6985,30,5
6986,30,5
6987,30,5
6988,30,5
6989,30,5
6990,30,5
6991,30,5
6992,30,5
6993,30,5
6994,30,5
6995,30,5
6996,30,4
6997,30,4
6998,30,4
6999,30,4
7000,30,4
7001,30,4
7002,30,4
7003,30,4
7004,30,4
7005,30,4
7006,30,4
7007,30,4
7008,30,4
7009,30,4
7010,30,4
7011,30,4
7012,30,4
7013,30,4
7014,30,4
7015,30,4
7016,30,4
7017,30,4
7018,30,4
7019,30,4
7020,30,4
7021,30,4
7022,30,4
7023,30,4
7024,30,4
7025,30,4
7026,30,4
7027,30,4
7028,30,6
7029,30,6
7030,30,6
7031,30,6
7032,30,6
7033,30,6
7034,30,6
7035,30,6
7036,30,6
7037,30,6
7038,30,6
7039,30,6
7040,30,6
7041,30,6
7042,30,6
7043,30,6
7044,30,6
7045,30,6
7046,30,6
7047,30,6
7048,30,6
7049,30,6
7050,30,6
7051,30,6
7052,30,6
7053,30,6
7054,30,6
7055,30,6
7056,30,6
7057,30,6
7058,30,6
7059,30,6
7060,30,6
7061,30,6
7062,30,6
7063,30,6
7064,30,6
7065,30,6
7066,30,1
7067,30,1
7068,30,1
7069,30,1
7070,30,1
7071,30,1
7072,30,1
7073,30,1
7074,30,1
7075,30,1
7076,30,1
7077,30,1
7078,30,1
7079,30,1
7080,30,1
7081,30,1
7082,30,1
7083,30,1
7084,30,1
7085,30,1
7086,30,1
7087,30,1
7088,30,1
7089,30,1
7090,30,1
7091,30,1
7092,30,1
7093,30,1
7094,30,1
7095,30,1
7096,30,1
7097,30,1
7098,30,1
7099,30,3
7100,30,3
7101,30,3
7102,30,3
7103,30,3
7104,30,3
7105,30,3
7106,30,3
7107,30,3
7108,30,3
7109,30,3
7110,30,3
7111,30,3
7112,30,3
7113,30,3
7114,30,3
7115,30,3
7116,30,3
7117,30,3
7118,30,3
7119,30,3
7120,30,3
7121,30,3
7122,30,2
7123,30,2
7124,30,2
7125,30,2
7126,30,2
7127,30,2
7128,30,2
7129,30,2
7130,30,2
7131,30,2
7132,30,2
7133,30,2
7134,30,2
7135,30,2
7136,30,2
7137,30,2
7138,30,2
7139,30,2
7140,30,2
7141,30,2
7142,30,2
7143,30,2
7144,30,2
7145,30,2
7146,30,3
7147,30,3
7148,30,3
7149,30,3
7150,30,3
7151,30,3
7152,30,3
7153,30,3
7154,30,3
7155,30,3
7156,30,3
7157,30,2
7158,30,2
7159,30,2
7160,30,2
7161,30,2
7162,30,2
7163,30,2
7164,30,2
7165,30,2
7166,30,2
7167,30,2
7168,30,5
7169,30,5
7170,30,5
7171,30,5
7172,30,5
7173,30,5
7174,30,5
7175,30,5
7176,30,5
7177,30,5
7178,30,5
7179,30,5
7180,30,5
7181,30,5
7182,30,5
7183,30,5
7184,30,5
7185,30,5
7186,30,5
7187,30,5
7188,30,5
7189,30,5
7190,30,5
7191,30,5
7192,30,5
7193,30,5
7194,30,5
7195,30,5
7196,30,5
7197,30,5
7198,30,5
7199,30,5
7200,30,4
7201,30,4
7202,30,4
7203,30,4
7204,30,4
7205,30,4
7206,30,4
7207,30,4
7208,30,4
7209,30,4
7210,30,4
7211,30,4
7212,30,4
7213,30,4
7214,30,4
7215,30,4
7216,30,4
7217,30,4
7218,30,4
7219,30,4
7220,30,4
7221,30,4
7222,30,4
7223,30,4
7224,30,4
7225,30,4
7226,30,4
7227,30,4
7228,30,4
7229,30,4
7230,30,6
7231,30,6
7232,30,6
7233,30,6
7234,30,6
7235,30,6
7236,30,6
7237,30,6
7238,30,6
7239,30,6
7240,30,6
7241,30,6
7242,30,6
7243,30,6
7244,30,6
7245,30,6
7246,30,6
7247,30,6
7248,30,6
7249,30,6
7250,30,6
7251,30,6
7252,30,6
7253,30,6
7254,30,6
7255,30,6
7256,30,6
7257,30,6
7258,30,6
7259,30,6
7260,30,6
7261,30,6
7262,30,1
7263,30,1
7264,30,1
7265,30,1
7266,30,1
7267,30,1
7268,30,1
7269,30,1
7270,30,1
7271,30,1
7272,30,1
7273,30,1
7274,30,1
7275,30,1
7276,30,1
7277,30,1
7278,30,1
7279,30,1
7280,30,1
7281,30,1
7282,30,1
7283,30,1
7284,30,1
7285,30,1
7286,30,1
7287,30,1
7288,30,1
7289,30,1
7290,30,1
7291,30,1
7292,30,1
7293,30,1
7294,30,3
7295,30,3
7296,30,3
7297,30,3
7298,30,3
7299,30,3
7300,30,3
7301,30,3
7302,30,3
7303,30,3
7304,30,3
7305,30,3
7306,30,3
7307,30,3
7308,30,3
7309,30,3
7310,30,3
7311,30,3
7312,30,3
7313,30,3
7314,30,3
7315,30,3
7316,30,3
7317,30,3
7318,30,3
7319,30,3
7320,30,3
7321,30,3
7322,30,2
7323,30,2
7324,30,2
7325,30,2
7326,30,2
7327,30,2
7328,30,2
7329,30,2
7330,30,2
7331,30,2
7332,30,2
7333,30,2
7334,30,2
7335,30,2
7336,30,2
7337,30,2
7338,30,2
7339,30,2
7340,30,2
7341,30,2
7342,30,2
7343,30,2
7344,30,2
7345,30,2
7346,30,2
7347,30,2
7348,30,2
7349,30,2
7350,30,2
7351,30,2
